,vowel,context,frequency
0,i,all,128180
1,i,t_,14909
2,i,l_,19947
3,i,s_,7541
4,i,ɹ_,17141
5,i,w_,5340
6,i,b_,7558
7,i,m_,6257
8,i,ʃ_,6719
9,i,n_,5973
10,i,h_,14317
11,i,ɾ_,5484
12,i,d_,4375
13,i,z_,1111
14,i,ð_,1710
15,i,p_,3054
16,i,tʃ_,562
17,i,f_,1928
18,i,dʒ_,439
19,i,ʒ_,10
20,i,k_,1304
21,i,v_,737
22,i,θ_,374
23,i,ŋ_,92
24,i,ɡ_,56
25,i,j_,147
26,i,_n,6239
27,i,_s,8155
28,i,_k,6188
29,i,_t,6678
30,i,_w,10858
31,i,_v,4198
32,i,_m,5825
33,i,_ð,3860
34,i,_h,7028
35,i,_θ,1085
36,i,_d,6944
37,i,_z,6194
38,i,_l,4903
39,i,_ɡ,1821
40,i,_f,4180
41,i,_ɾ,1135
42,i,_j,965
43,i,_p,4984
44,i,_ɹ,2808
45,i,_b,3397
46,i,_ʃ,1309
47,i,_tʃ,1868
48,i,_dʒ,495
49,i,_ʒ,51
50,i,_ŋ,1
51,i,t_n,1002
52,i,ɹ_s,1025
53,i,w_k,768
54,i,ɹ_t,1070
55,i,t_w,2925
56,i,ʃ_k,445
57,i,s_m,1237
58,i,m_ð,406
59,i,l_v,1341
60,i,l_s,1402
61,i,b_ð,275
62,i,ɹ_w,713
63,i,s_h,346
64,i,h_h,2124
65,i,ɾ_θ,44
66,i,h_w,2693
67,i,ɾ_w,328
68,i,h_n,343
69,i,n_d,642
70,i,d_d,534
71,i,z_l,191
72,i,l_d,977
73,i,ɹ_m,1196
74,i,l_ɡ,341
75,i,m_t,670
76,i,ɹ_k,665
77,i,n_w,378
78,i,ʃ_n,258
79,i,ʃ_w,1245
80,i,m_n,837
81,i,w_w,486
82,i,ð_z,1349
83,i,d_t,248
84,i,s_ð,387
85,i,m_f,151
86,i,m_ɾ,153
87,i,ʃ_d,329
88,i,l_w,963
89,i,s_v,707
90,i,t_j,149
91,i,d_l,382
92,i,l_l,371
93,i,l_t,1148
94,i,b_k,399
95,i,ɹ_d,1486
96,i,p_p,912
97,i,ɹ_f,561
98,i,ɹ_n,654
99,i,d_f,108
100,i,tʃ_t,9
101,i,m_w,349
102,i,s_w,233
103,i,f_v,76
104,i,ɾ_f,521
105,i,ɹ_v,363
106,i,l_f,843
107,i,ʃ_s,729
108,i,s_d,538
109,i,l_ɹ,563
110,i,l_p,957
111,i,dʒ_n,146
112,i,ʒ_m,10
113,i,d_ɹ,110
114,i,ʃ_b,159
115,i,ʃ_ɹ,240
116,i,l_z,489
117,i,ʃ_h,958
118,i,l_ð,880
119,i,s_l,225
120,i,d_v,213
121,i,t_s,752
122,i,l_b,901
123,i,p_ɾ,379
124,i,n_t,220
125,i,w_s,201
126,i,l_h,667
127,i,ɹ_z,1356
128,i,w_h,534
129,i,w_ʃ,183
130,i,t_d,322
131,i,ɹ_ʃ,159
132,i,t_ɡ,151
133,i,l_k,707
134,i,s_n,770
135,i,f_l,883
136,i,t_h,621
137,i,ʃ_m,224
138,i,b_t,384
139,i,ɹ_l,541
140,i,ɹ_tʃ,703
141,i,t_m,690
142,i,d_z,349
143,i,ʃ_l,293
144,i,l_n,682
145,i,s_tʃ,41
146,i,d_ð,126
147,i,s_ɾ,71
148,i,b_w,200
149,i,ɾ_h,163
150,i,t_v,345
151,i,t_f,443
152,i,m_b,167
153,i,ɾ_s,206
154,i,b_h,276
155,i,p_h,14
156,i,ɹ_b,358
157,i,b_d,376
158,i,w_l,273
159,i,ɹ_ɹ,311
160,i,b_tʃ,80
161,i,m_h,231
162,i,h_s,1500
163,i,m_j,77
164,i,ɹ_h,596
165,i,n_p,214
166,i,m_d,393
167,i,ʃ_ʃ,103
168,i,m_k,111
169,i,d_b,97
170,i,ɾ_ʃ,61
171,i,n_ð,326
172,i,ɹ_ɾ,227
173,i,ʃ_t,234
174,i,ɾ_b,141
175,i,m_m,103
176,i,b_ʃ,109
177,i,ʃ_p,248
178,i,l_θ,146
179,i,h_l,581
180,i,b_b,222
181,i,n_m,274
182,i,p_k,532
183,i,b_θ,43
184,i,t_b,462
185,i,f_t,477
186,i,ɾ_ɹ,73
187,i,w_m,259
188,i,w_n,791
189,i,p_l,74
190,i,s_j,108
191,i,w_b,64
192,i,ɹ_ð,447
193,i,h_k,985
194,i,p_s,388
195,i,ɾ_z,556
196,i,t_ð,406
197,i,s_s,265
198,i,w_d,245
199,i,t_k,407
200,i,h_m,581
201,i,b_n,163
202,i,tʃ_f,243
203,i,b_s,642
204,i,m_s,216
205,i,l_ʃ,186
206,i,d_n,132
207,i,w_v,77
208,i,d_k,102
209,i,b_p,224
210,i,h_t,540
211,i,b_m,310
212,i,t_p,256
213,i,h_ʃ,194
214,i,ɹ_j,143
215,i,h_d,704
216,i,h_ɹ,550
217,i,w_t,329
218,i,t_t,524
219,i,h_b,351
220,i,h_z,164
221,i,n_s,305
222,i,k_b,41
223,i,w_dʒ,13
224,i,h_v,32
225,i,d_w,157
226,i,h_ɡ,228
227,i,k_p,525
228,i,h_p,453
229,i,d_h,153
230,i,ɾ_ɡ,60
231,i,t_z,153
232,i,l_m,521
233,i,s_θ,13
234,i,ɾ_m,124
235,i,z_n,59
236,i,b_v,102
237,i,z_k,45
238,i,h_θ,167
239,i,h_f,403
240,i,dʒ_ð,8
241,i,d_s,178
242,i,n_h,185
243,i,l_j,156
244,i,s_f,83
245,i,s_t,280
246,i,n_z,412
247,i,s_b,97
248,i,n_ɡ,131
249,i,d_ɡ,54
250,i,b_j,64
251,i,n_b,162
252,i,s_k,395
253,i,l_tʃ,71
254,i,b_f,261
255,i,z_f,19
256,i,d_j,25
257,i,m_l,149
258,i,t_l,279
259,i,t_tʃ,199
260,i,v_b,21
261,i,p_t,62
262,i,z_w,28
263,i,d_m,97
264,i,ɹ_p,431
265,i,n_ɾ,27
266,i,w_f,87
267,i,v_z,25
268,i,tʃ_v,58
269,i,b_dʒ,36
270,i,f_z,21
271,i,ɾ_ð,245
272,i,v_n,120
273,i,n_tʃ,106
274,i,w_ð,21
275,i,b_ɡ,164
276,i,n_k,282
277,i,s_z,506
278,i,n_n,69
279,i,θ_l,16
280,i,s_p,36
281,i,k_d,30
282,i,ɾ_tʃ,41
283,i,s_ɹ,57
284,i,z_v,129
285,i,ŋ_ð,14
286,i,b_ɹ,238
287,i,ʃ_z,85
288,i,z_z,98
289,i,z_t,57
290,i,d_p,357
291,i,ŋ_z,6
292,i,k_v,22
293,i,n_ɹ,180
294,i,f_tʃ,75
295,i,n_v,129
296,i,b_l,167
297,i,v_l,87
298,i,ʃ_f,201
299,i,ɡ_p,2
300,i,ɾ_t,258
301,i,h_ɾ,9
302,i,w_ɹ,112
303,i,w_θ,24
304,i,t_ɹ,192
305,i,n_f,161
306,i,ɹ_dʒ,121
307,i,ɾ_n,73
308,i,w_p,174
309,i,z_tʃ,44
310,i,ɾ_j,60
311,i,v_ɹ,27
312,i,t_θ,187
313,i,v_ð,24
314,i,w_ɡ,89
315,i,p_m,21
316,i,p_w,26
317,i,v_dʒ,8
318,i,v_θ,6
319,i,v_ʃ,4
320,i,ð_p,7
321,i,ɹ_θ,94
322,i,w_ɾ,23
323,i,k_n,66
324,i,f_d,48
325,i,ɾ_l,125
326,i,h_j,51
327,i,ɹ_ɡ,247
328,i,dʒ_z,82
329,i,l_dʒ,96
330,i,s_ʃ,36
331,i,j_l,60
332,i,t_dʒ,26
333,i,l_ɾ,49
334,i,n_θ,202
335,i,j_ɡ,6
336,i,t_ʃ,123
337,i,ʃ_ɡ,115
338,i,j_ɹ,2
339,i,j_m,4
340,i,dʒ_m,4
341,i,θ_d,17
342,i,p_b,27
343,i,z_ɡ,26
344,i,ð_k,19
345,i,n_ʃ,46
346,i,m_θ,39
347,i,b_ɾ,71
348,i,tʃ_p,21
349,i,p_d,138
350,i,f_m,49
351,i,d_ɾ,20
352,i,m_p,57
353,i,v_s,30
354,i,w_j,17
355,i,n_j,76
356,i,v_k,26
357,i,z_s,28
358,i,ð_l,15
359,i,f_ɾ,21
360,i,θ_w,23
361,i,v_v,36
362,i,ɾ_d,64
363,i,m_z,117
364,i,ɾ_k,96
365,i,k_ð,33
366,i,dʒ_w,19
367,i,p_n,14
368,i,k_w,32
369,i,ɾ_dʒ,12
370,i,z_d,25
371,i,n_l,135
372,i,v_d,29
373,i,m_ʃ,49
374,i,f_s,59
375,i,ɾ_p,80
376,i,f_k,6
377,i,v_f,10
378,i,p_tʃ,119
379,i,tʃ_k,104
380,i,p_dʒ,5
381,i,b_z,73
382,i,m_ɡ,69
383,i,w_z,89
384,i,f_p,4
385,i,v_m,4
386,i,m_v,60
387,i,dʒ_b,10
388,i,tʃ_l,1
389,i,k_z,79
390,i,dʒ_t,12
391,i,d_ʃ,30
392,i,m_ɹ,54
393,i,h_ð,78
394,i,k_t,46
395,i,ð_tʃ,15
396,i,d_tʃ,75
397,i,v_p,11
398,i,z_ð,33
399,i,ɾ_v,9
400,i,θ_s,38
401,i,k_f,19
402,i,θ_m,19
403,i,f_b,67
404,i,v_tʃ,46
405,i,ð_b,12
406,i,dʒ_h,11
407,i,h_dʒ,40
408,i,ʃ_θ,79
409,i,z_m,22
410,i,θ_ð,12
411,i,j_h,7
412,i,f_w,10
413,i,l_ʒ,34
414,i,dʒ_f,7
415,i,ð_ð,27
416,i,z_ɹ,45
417,i,t_ɾ,20
418,i,n_dʒ,25
419,i,ʃ_dʒ,17
420,i,k_k,15
421,i,ð_ɡ,12
422,i,dʒ_ɹ,3
423,i,k_m,59
424,i,f_h,9
425,i,p_ð,24
426,i,z_b,17
427,i,ɡ_s,7
428,i,j_w,8
429,i,m_tʃ,26
430,i,s_dʒ,39
431,i,j_ʃ,1
432,i,k_l,30
433,i,s_ɡ,24
434,i,d_θ,24
435,i,j_k,5
436,i,j_s,15
437,i,ð_θ,1
438,i,z_p,8
439,i,dʒ_ʃ,2
440,i,f_n,30
441,i,k_h,67
442,i,p_z,19
443,i,ŋ_v,29
444,i,k_j,9
445,i,ʃ_tʃ,13
446,i,ʃ_ð,19
447,i,v_w,13
448,i,h_tʃ,34
449,i,θ_v,20
450,i,θ_ɹ,8
451,i,f_ð,10
452,i,ŋ_k,3
453,i,tʃ_tʃ,19
454,i,ŋ_ɡ,8
455,i,θ_n,7
456,i,v_h,19
457,i,k_s,29
458,i,ð_h,15
459,i,ð_w,19
460,i,ð_t,19
461,i,θ_k,6
462,i,z_ɾ,9
463,i,k_ɡ,9
464,i,p_f,16
465,i,k_tʃ,8
466,i,tʃ_n,3
467,i,n_ʒ,5
468,i,tʃ_h,9
469,i,tʃ_ʃ,2
470,i,z_h,11
471,i,ʃ_j,9
472,i,ʃ_v,17
473,i,ŋ_tʃ,25
474,i,dʒ_v,6
475,i,dʒ_l,9
476,i,dʒ_p,3
477,i,dʒ_k,6
478,i,ð_s,17
479,i,ð_ɹ,5
480,i,p_ɹ,12
481,i,k_ɾ,15
482,i,p_v,19
483,i,p_ɡ,3
484,i,t_ʒ,8
485,i,ɡ_z,3
486,i,f_f,2
487,i,m_dʒ,14
488,i,ð_f,12
489,i,θ_b,6
490,i,θ_f,21
491,i,θ_t,5
492,i,tʃ_ð,5
493,i,tʃ_z,50
494,i,j_n,1
495,i,v_ɾ,15
496,i,ð_m,11
497,i,dʒ_s,12
498,i,tʃ_w,2
499,i,p_ʃ,9
500,i,tʃ_ɹ,3
501,i,tʃ_s,2
502,i,tʃ_b,4
503,i,j_d,8
504,i,θ_z,6
505,i,θ_ɡ,3
506,i,θ_h,5
507,i,ɡ_b,3
508,i,p_j,12
509,i,k_θ,5
510,i,ɡ_w,4
511,i,ɡ_t,2
512,i,ɡ_n,2
513,i,z_dʒ,7
514,i,tʃ_ɾ,4
515,i,v_ɡ,19
516,i,f_ɡ,2
517,i,dʒ_tʃ,1
518,i,v_t,3
519,i,f_ʃ,2
520,i,ð_v,3
521,i,ʃ_ɾ,4
522,i,θ_ʃ,2
523,i,ð_d,10
524,i,d_dʒ,17
525,i,k_ɹ,9
526,i,f_j,1
527,i,dʒ_ɾ,1
528,i,θ_tʃ,3
529,i,ð_n,11
530,i,z_θ,6
531,i,θ_dʒ,1
532,i,h_ʒ,1
533,i,p_θ,3
534,i,ɡ_k,2
535,i,ɡ_ɡ,1
536,i,ŋ_s,4
537,i,z_ʃ,2
538,i,v_j,3
539,i,dʒ_d,7
540,i,w_tʃ,4
541,i,ŋ_t,1
542,i,j_p,1
543,i,ð_ʃ,1
544,i,s_ʒ,2
545,i,ð_j,2
546,i,ɡ_ð,3
547,i,ɡ_h,3
548,i,ŋ_ɾ,2
549,i,j_f,1
550,i,dʒ_dʒ,2
551,i,j_ð,5
552,i,j_dʒ,1
553,i,j_t,2
554,i,k_ʃ,4
555,i,f_ɹ,9
556,i,θ_j,2
557,i,ɡ_d,5
558,i,tʃ_m,1
559,i,j_b,1
560,i,θ_p,1
561,i,ð_ɾ,1
562,i,ð_dʒ,1
563,i,dʒ_ɡ,1
564,i,ɡ_ɹ,1
565,i,ɡ_v,1
566,i,ɹ_ŋ,1
567,i,θ_ʒ,1
568,i,tʃ_θ,1
569,ɪ,all,257717
570,ɪ,s_,15320
571,ɪ,b_,12181
572,ɪ,ɡ_,2141
573,ɪ,n_,12650
574,ɪ,ð_,14089
575,ɪ,t_,17675
576,ɪ,w_,21403
577,ɪ,m_,11201
578,ɪ,θ_,5136
579,ɪ,z_,7422
580,ɪ,ɹ_,27150
581,ɪ,d_,23473
582,ɪ,p_,4902
583,ɪ,ɾ_,8475
584,ɪ,ŋ_,1913
585,ɪ,l_,14459
586,ɪ,k_,5582
587,ɪ,j_,804
588,ɪ,ʃ_,1621
589,ɪ,v_,5624
590,ɪ,tʃ_,2247
591,ɪ,f_,5464
592,ɪ,h_,19080
593,ɪ,dʒ_,2571
594,ɪ,ʒ_,7
595,ɪ,_k,10573
596,ɪ,_ɡ,3358
597,ɪ,_n,39820
598,ɪ,_ŋ,33843
599,ɪ,_s,21627
600,ɪ,_d,15698
601,ɪ,_tʃ,5489
602,ɪ,_ʃ,4802
603,ɪ,_z,24831
604,ɪ,_ɹ,9342
605,ɪ,_l,12589
606,ɪ,_t,9993
607,ɪ,_v,5641
608,ɪ,_f,7998
609,ɪ,_ɾ,6959
610,ɪ,_p,3884
611,ɪ,_ð,9928
612,ɪ,_m,12842
613,ɪ,_b,2035
614,ɪ,_w,423
615,ɪ,_h,637
616,ɪ,_dʒ,3031
617,ɪ,_j,234
618,ɪ,_θ,961
619,ɪ,_ʒ,193
620,ɪ,s_k,1130
621,ɪ,b_ɡ,1218
622,ɪ,ɡ_n,361
623,ɪ,n_ŋ,2873
624,ɪ,ð_s,4575
625,ɪ,n_n,2512
626,ɪ,t_d,3383
627,ɪ,w_tʃ,4558
628,ɪ,w_ʃ,725
629,ɪ,m_s,3712
630,ɪ,s_z,2975
631,ɪ,θ_ŋ,4535
632,ɪ,z_ʃ,459
633,ɪ,ɹ_n,3393
634,ɪ,d_s,3727
635,ɪ,p_ɹ,1264
636,ɪ,b_l,1799
637,ɪ,s_n,2368
638,ɪ,ɾ_t,581
639,ɪ,w_l,2720
640,ɪ,ŋ_z,134
641,ɪ,s_v,529
642,ɪ,z_n,2683
643,ɪ,ɹ_f,987
644,ɪ,l_ɾ,2753
645,ɪ,t_l,1884
646,ɪ,l_z,398
647,ɪ,ɹ_s,2342
648,ɪ,ɹ_ɾ,946
649,ɪ,d_d,4849
650,ɪ,d_n,4319
651,ɪ,d_p,435
652,ɪ,k_t,603
653,ɪ,j_ɹ,803
654,ɪ,z_ŋ,754
655,ɪ,m_n,2730
656,ɪ,w_ð,9811
657,ɪ,t_k,917
658,ɪ,d_ʃ,456
659,ɪ,t_n,4636
660,ɪ,ɹ_ʃ,297
661,ɪ,w_m,413
662,ɪ,ɹ_ɡ,562
663,ɪ,s_ɹ,281
664,ɪ,ʃ_ŋ,423
665,ɪ,s_b,653
666,ɪ,v_ŋ,1673
667,ɪ,ɡ_v,1225
668,ɪ,s_m,773
669,ɪ,v_t,302
670,ɪ,l_s,924
671,ɪ,s_ɾ,1027
672,ɪ,d_v,609
673,ɪ,ŋ_n,1200
674,ɪ,ɾ_ŋ,2035
675,ɪ,b_ŋ,124
676,ɪ,m_ŋ,1069
677,ɪ,l_v,827
678,ɪ,p_ɾ,281
679,ɪ,l_ŋ,2417
680,ɪ,z_z,705
681,ɪ,ɹ_w,219
682,ɪ,k_ŋ,2996
683,ɪ,d_f,1341
684,ɪ,ɹ_z,2110
685,ɪ,n_z,517
686,ɪ,s_d,643
687,ɪ,tʃ_n,249
688,ɪ,s_ŋ,1346
689,ɪ,s_s,1218
690,ɪ,tʃ_z,565
691,ɪ,n_s,664
692,ɪ,t_z,1129
693,ɪ,ɹ_d,937
694,ɪ,f_n,746
695,ɪ,p_d,239
696,ɪ,n_k,438
697,ɪ,b_k,1347
698,ɪ,l_m,529
699,ɪ,n_f,534
700,ɪ,f_k,673
701,ɪ,z_t,664
702,ɪ,w_n,982
703,ɪ,b_h,559
704,ɪ,p_n,878
705,ɪ,b_n,3055
706,ɪ,m_d,384
707,ɪ,z_m,231
708,ɪ,z_s,333
709,ɪ,f_z,268
710,ɪ,z_k,291
711,ɪ,l_n,1475
712,ɪ,b_t,979
713,ɪ,t_t,418
714,ɪ,tʃ_l,407
715,ɪ,d_m,524
716,ɪ,d_ŋ,2271
717,ɪ,ɡ_ŋ,92
718,ɪ,ɹ_p,1712
719,ɪ,d_l,602
720,ɪ,h_m,6247
721,ɪ,v_z,421
722,ɪ,ɹ_ŋ,2974
723,ɪ,p_ŋ,684
724,ɪ,t_dʒ,148
725,ɪ,dʒ_ŋ,251
726,ɪ,ɹ_t,1793
727,ɪ,p_t,214
728,ɪ,m_l,953
729,ɪ,ɹ_dʒ,916
730,ɪ,w_d,115
731,ɪ,f_s,517
732,ɪ,b_j,200
733,ɪ,t_ŋ,1482
734,ɪ,m_ɹ,400
735,ɪ,n_ʃ,673
736,ɪ,l_t,480
737,ɪ,f_d,177
738,ɪ,v_n,669
739,ɪ,z_f,557
740,ɪ,n_ɾ,457
741,ɪ,f_ɹ,601
742,ɪ,ɾ_z,85
743,ɪ,b_f,1457
744,ɪ,n_t,921
745,ɪ,t_ɹ,567
746,ɪ,t_f,639
747,ɪ,b_ɾ,195
748,ɪ,ɾ_d,3628
749,ɪ,h_l,288
750,ɪ,f_f,351
751,ɪ,l_ʃ,685
752,ɪ,d_z,890
753,ɪ,h_ɹ,1482
754,ɪ,f_ŋ,303
755,ɪ,k_s,143
756,ɪ,z_l,110
757,ɪ,ɹ_θ,317
758,ɪ,k_z,82
759,ɪ,d_ɹ,884
760,ɪ,dʒ_n,765
761,ɪ,ɹ_m,1779
762,ɪ,ɹ_k,1655
763,ɪ,s_t,433
764,ɪ,k_n,904
765,ɪ,h_z,10269
766,ɪ,d_ɡ,379
767,ɪ,l_k,719
768,ɪ,f_ʃ,662
769,ɪ,ɾ_s,801
770,ɪ,s_ʒ,44
771,ɪ,ɹ_ɹ,293
772,ɪ,ɹ_v,867
773,ɪ,d_k,755
774,ɪ,ð_ŋ,133
775,ɪ,v_l,502
776,ɪ,w_t,221
777,ɪ,w_ɹ,233
778,ɪ,f_m,14
779,ɪ,f_l,523
780,ɪ,b_s,400
781,ɪ,b_z,351
782,ɪ,ɡ_l,112
783,ɪ,s_p,359
784,ɪ,m_t,459
785,ɪ,p_tʃ,60
786,ɪ,z_ɾ,129
787,ɪ,h_d,139
788,ɪ,m_dʒ,105
789,ɪ,w_ŋ,200
790,ɪ,z_d,159
791,ɪ,l_dʒ,763
792,ɪ,f_ɡ,234
793,ɪ,tʃ_ɹ,146
794,ɪ,n_b,92
795,ɪ,m_z,248
796,ɪ,t_s,391
797,ɪ,k_k,68
798,ɪ,ɹ_b,655
799,ɪ,ɹ_l,1021
800,ɪ,l_f,492
801,ɪ,v_d,396
802,ɪ,h_n,90
803,ɪ,h_t,35
804,ɪ,p_ʃ,115
805,ɪ,tʃ_ŋ,473
806,ɪ,m_ɾ,438
807,ɪ,ŋ_s,16
808,ɪ,n_θ,413
809,ɪ,v_m,100
810,ɪ,n_dʒ,180
811,ɪ,n_ɹ,896
812,ɪ,ŋ_ŋ,334
813,ɪ,p_k,607
814,ɪ,m_k,198
815,ɪ,d_t,693
816,ɪ,s_f,228
817,ɪ,w_f,87
818,ɪ,p_f,30
819,ɪ,n_m,493
820,ɪ,k_f,47
821,ɪ,s_ɡ,203
822,ɪ,t_v,959
823,ɪ,w_k,408
824,ɪ,dʒ_z,571
825,ɪ,l_d,179
826,ɪ,v_dʒ,210
827,ɪ,l_ɡ,201
828,ɪ,l_ɹ,644
829,ɪ,k_dʒ,18
830,ɪ,b_w,59
831,ɪ,t_ɾ,52
832,ɪ,ɾ_k,595
833,ɪ,z_b,160
834,ɪ,s_l,553
835,ɪ,θ_k,204
836,ɪ,ɾ_ɡ,20
837,ɪ,d_dʒ,80
838,ɪ,b_tʃ,27
839,ɪ,t_m,612
840,ɪ,dʒ_ɹ,20
841,ɪ,tʃ_s,59
842,ɪ,w_ɡ,96
843,ɪ,tʃ_m,54
844,ɪ,ʃ_p,505
845,ɪ,w_s,374
846,ɪ,k_m,46
847,ɪ,ɾ_v,173
848,ɪ,ð_n,353
849,ɪ,v_s,331
850,ɪ,h_p,157
851,ɪ,ɾ_f,163
852,ɪ,w_v,50
853,ɪ,t_p,115
854,ɪ,ɹ_tʃ,427
855,ɪ,s_dʒ,216
856,ɪ,t_b,81
857,ɪ,d_ɾ,140
858,ɪ,ð_ɹ,305
859,ɪ,dʒ_ɡ,5
860,ɪ,l_p,408
861,ɪ,dʒ_ɾ,45
862,ɪ,ʃ_n,80
863,ɪ,dʒ_t,111
864,ɪ,dʒ_k,136
865,ɪ,dʒ_s,260
866,ɪ,h_s,270
867,ɪ,ʃ_z,306
868,ɪ,v_k,281
869,ɪ,ɾ_ʃ,58
870,ɪ,l_b,199
871,ɪ,f_θ,8
872,ɪ,ɾ_l,87
873,ɪ,ɾ_p,1
874,ɪ,p_m,14
875,ɪ,d_b,83
876,ɪ,v_ɾ,183
877,ɪ,t_ɡ,69
878,ɪ,dʒ_p,28
879,ɪ,n_p,42
880,ɪ,ɡ_f,68
881,ɪ,v_ʒ,129
882,ɪ,v_v,60
883,ɪ,n_v,159
884,ɪ,ð_t,95
885,ɪ,θ_t,17
886,ɪ,p_l,189
887,ɪ,l_l,108
888,ɪ,w_z,53
889,ɪ,ɾ_dʒ,114
890,ɪ,m_f,106
891,ɪ,w_dʒ,88
892,ɪ,w_θ,68
893,ɪ,ɡ_d,76
894,ɪ,b_ɹ,87
895,ɪ,ɹ_h,25
896,ɪ,d_θ,67
897,ɪ,w_p,85
898,ɪ,k_l,327
899,ɪ,ʃ_v,48
900,ɪ,p_z,54
901,ɪ,f_ɾ,84
902,ɪ,k_d,124
903,ɪ,k_tʃ,96
904,ɪ,ŋ_t,84
905,ɪ,h_ð,58
906,ɪ,n_ɡ,110
907,ɪ,b_d,111
908,ɪ,b_ʃ,138
909,ɪ,f_t,262
910,ɪ,ɡ_ʃ,13
911,ɪ,ʃ_f,40
912,ɪ,tʃ_f,48
913,ɪ,m_θ,69
914,ɪ,p_dʒ,21
915,ɪ,s_tʃ,137
916,ɪ,ɾ_n,18
917,ɪ,ɡ_t,22
918,ɪ,ɡ_s,84
919,ɪ,ɾ_ɹ,28
920,ɪ,z_ɹ,60
921,ɪ,dʒ_ʃ,17
922,ɪ,dʒ_d,30
923,ɪ,t_ʃ,122
924,ɪ,ŋ_l,22
925,ɪ,n_l,77
926,ɪ,ʃ_k,28
927,ɪ,m_ʃ,210
928,ɪ,dʒ_l,51
929,ɪ,b_m,6
930,ɪ,dʒ_m,213
931,ɪ,θ_z,38
932,ɪ,ɡ_dʒ,33
933,ɪ,v_ɡ,86
934,ɪ,θ_n,271
935,ɪ,ŋ_f,53
936,ɪ,m_ɡ,32
937,ɪ,k_ʃ,15
938,ɪ,w_ɾ,94
939,ɪ,n_d,47
940,ɪ,p_s,111
941,ɪ,ŋ_m,36
942,ɪ,m_tʃ,31
943,ɪ,tʃ_k,43
944,ɪ,θ_ɹ,5
945,ɪ,d_tʃ,28
946,ɪ,ɾ_m,25
947,ɪ,dʒ_b,28
948,ɪ,z_ɡ,47
949,ɪ,n_w,141
950,ɪ,ɡ_ɡ,7
951,ɪ,ð_m,20
952,ɪ,f_tʃ,13
953,ɪ,k_ɾ,49
954,ɪ,m_m,42
955,ɪ,ŋ_ɹ,20
956,ɪ,p_p,2
957,ɪ,k_p,15
958,ɪ,n_h,38
959,ɪ,ʃ_ɹ,28
960,ɪ,v_ʃ,59
961,ɪ,n_tʃ,62
962,ɪ,tʃ_d,60
963,ɪ,s_ʃ,25
964,ɪ,k_ɹ,15
965,ɪ,ŋ_ɡ,3
966,ɪ,p_ɡ,46
967,ɪ,h_tʃ,3
968,ɪ,v_ɹ,148
969,ɪ,ɹ_ð,25
970,ɪ,ʃ_s,4
971,ɪ,k_j,7
972,ɪ,f_b,3
973,ɪ,dʒ_v,3
974,ɪ,ɾ_b,18
975,ɪ,f_dʒ,4
976,ɪ,ʃ_t,6
977,ɪ,ɾ_ɾ,14
978,ɪ,ɡ_b,3
979,ɪ,θ_f,7
980,ɪ,tʃ_t,74
981,ɪ,θ_m,17
982,ɪ,ŋ_d,3
983,ɪ,ð_ð,32
984,ɪ,ɾ_tʃ,4
985,ɪ,l_tʃ,1
986,ɪ,l_θ,5
987,ɪ,θ_ɡ,1
988,ɪ,ʃ_l,20
989,ɪ,ɹ_ʒ,10
990,ɪ,tʃ_v,17
991,ɪ,n_ʒ,1
992,ɪ,t_tʃ,26
993,ɪ,v_tʃ,10
994,ɪ,tʃ_p,14
995,ɪ,p_θ,10
996,ɪ,θ_s,5
997,ɪ,dʒ_f,7
998,ɪ,ɹ_j,6
999,ɪ,k_h,13
1000,ɪ,k_w,3
1001,ɪ,θ_j,1
1002,ɪ,tʃ_b,13
1003,ɪ,ð_ʃ,1
1004,ɪ,z_v,46
1005,ɪ,tʃ_ʃ,3
1006,ɪ,p_v,1
1007,ɪ,v_f,15
1008,ɪ,ð_f,3
1009,ɪ,h_b,15
1010,ɪ,ʃ_m,12
1011,ɪ,θ_l,5
1012,ɪ,ɡ_m,17
1013,ɪ,h_ɾ,9
1014,ɪ,ɡ_k,1
1015,ɪ,w_b,6
1016,ɪ,l_j,10
1017,ɪ,ɡ_ɹ,13
1018,ɪ,ʃ_ʃ,1
1019,ɪ,ɡ_z,11
1020,ɪ,tʃ_j,1
1021,ɪ,dʒ_j,2
1022,ɪ,l_ʒ,9
1023,ɪ,b_dʒ,22
1024,ɪ,h_dʒ,1
1025,ɪ,k_v,5
1026,ɪ,ʃ_ɡ,1
1027,ɪ,m_v,2
1028,ɪ,ŋ_v,5
1029,ɪ,b_v,4
1030,ɪ,l_h,2
1031,ɪ,tʃ_tʃ,5
1032,ɪ,v_p,1
1033,ɪ,h_ŋ,9
1034,ɪ,ʒ_z,2
1035,ɪ,b_b,25
1036,ɪ,ŋ_ɾ,1
1037,ɪ,h_k,6
1038,ɪ,θ_dʒ,14
1039,ɪ,t_θ,2
1040,ɪ,z_dʒ,3
1041,ɪ,m_b,1
1042,ɪ,ʃ_d,2
1043,ɪ,m_ð,1
1044,ɪ,k_θ,1
1045,ɪ,ð_l,3
1046,ɪ,z_j,4
1047,ɪ,ð_z,1
1048,ɪ,ŋ_k,1
1049,ɪ,tʃ_ɡ,1
1050,ɪ,ð_j,2
1051,ɪ,m_j,1
1052,ɪ,j_dʒ,1
1053,ɪ,dʒ_w,1
1054,ɪ,ð_ɡ,1
1055,ɪ,f_p,3
1056,ɪ,ŋ_ʃ,1
1057,ɪ,l_ð,1
1058,eɪ,all,58185
1059,eɪ,k_,3694
1060,eɪ,n_,2752
1061,eɪ,d_,3089
1062,eɪ,tʃ_,712
1063,eɪ,ɹ_,7761
1064,eɪ,m_,5496
1065,eɪ,t_,5044
1066,eɪ,z_,264
1067,eɪ,ɡ_,1538
1068,eɪ,w_,4662
1069,eɪ,ð_,5099
1070,eɪ,l_,5980
1071,eɪ,s_,3527
1072,eɪ,p_,1935
1073,eɪ,b_,650
1074,eɪ,v_,956
1075,eɪ,ʃ_,564
1076,eɪ,f_,1949
1077,eɪ,ɾ_,72
1078,eɪ,h_,659
1079,eɪ,ŋ_,40
1080,eɪ,θ_,41
1081,eɪ,dʒ_,343
1082,eɪ,ʒ_,6
1083,eɪ,j_,15
1084,eɪ,_z,2238
1085,eɪ,_m,4657
1086,eɪ,_b,2215
1087,eɪ,_n,5926
1088,eɪ,_t,5232
1089,eɪ,_ʃ,4238
1090,eɪ,_v,1972
1091,eɪ,_d,4266
1092,eɪ,_tʃ,537
1093,eɪ,_l,2485
1094,eɪ,_w,1581
1095,eɪ,_k,4881
1096,eɪ,_f,773
1097,eɪ,_ɡ,320
1098,eɪ,_h,1211
1099,eɪ,_ɾ,2654
1100,eɪ,_s,4743
1101,eɪ,_ʒ,301
1102,eɪ,_p,1265
1103,eɪ,_ð,824
1104,eɪ,_j,175
1105,eɪ,_dʒ,991
1106,eɪ,_ɹ,388
1107,eɪ,_θ,290
1108,eɪ,_ŋ,2
1109,eɪ,k_m,1622
1110,eɪ,n_b,349
1111,eɪ,tʃ_n,515
1112,eɪ,ɹ_t,2000
1113,eɪ,m_b,446
1114,eɪ,d_z,538
1115,eɪ,t_ʃ,592
1116,eɪ,z_b,40
1117,eɪ,t_n,583
1118,eɪ,n_t,136
1119,eɪ,ɡ_v,461
1120,eɪ,m_d,1644
1121,eɪ,w_n,200
1122,eɪ,n_tʃ,388
1123,eɪ,t_l,362
1124,eɪ,ð_w,1086
1125,eɪ,m_k,1432
1126,eɪ,w_f,179
1127,eɪ,l_d,923
1128,eɪ,w_z,839
1129,eɪ,l_ʃ,390
1130,eɪ,ɡ_n,197
1131,eɪ,p_m,27
1132,eɪ,ð_l,157
1133,eɪ,ð_ɡ,84
1134,eɪ,p_f,21
1135,eɪ,t_b,342
1136,eɪ,ð_h,667
1137,eɪ,w_k,251
1138,eɪ,l_m,463
1139,eɪ,ɹ_d,518
1140,eɪ,l_t,432
1141,eɪ,d_w,151
1142,eɪ,t_k,1678
1143,eɪ,b_d,95
1144,eɪ,l_ɾ,511
1145,eɪ,l_s,1176
1146,eɪ,ɹ_ʒ,15
1147,eɪ,v_l,151
1148,eɪ,s_l,334
1149,eɪ,z_z,1
1150,eɪ,w_w,166
1151,eɪ,ɡ_m,125
1152,eɪ,k_p,343
1153,eɪ,m_h,94
1154,eɪ,ʃ_m,135
1155,eɪ,d_b,100
1156,eɪ,ɹ_l,256
1157,eɪ,f_s,892
1158,eɪ,w_ð,204
1159,eɪ,ɹ_n,1344
1160,eɪ,d_n,351
1161,eɪ,s_v,261
1162,eɪ,b_b,107
1163,eɪ,s_n,247
1164,eɪ,d_m,83
1165,eɪ,w_v,167
1166,eɪ,ɾ_t,12
1167,eɪ,s_m,781
1168,eɪ,p_d,126
1169,eɪ,ɹ_ɾ,569
1170,eɪ,n_ʃ,556
1171,eɪ,d_h,79
1172,eɪ,v_n,198
1173,eɪ,w_s,188
1174,eɪ,s_ð,207
1175,eɪ,ɹ_m,88
1176,eɪ,w_ɾ,272
1177,eɪ,p_j,14
1178,eɪ,s_ɡ,15
1179,eɪ,d_f,40
1180,eɪ,h_s,239
1181,eɪ,k_s,413
1182,eɪ,n_m,632
1183,eɪ,ð_k,413
1184,eɪ,tʃ_s,52
1185,eɪ,ɹ_k,227
1186,eɪ,k_ɾ,187
1187,eɪ,l_n,608
1188,eɪ,l_ð,74
1189,eɪ,p_ð,23
1190,eɪ,ɹ_s,581
1191,eɪ,p_n,379
1192,eɪ,t_ɾ,261
1193,eɪ,ɡ_dʒ,161
1194,eɪ,ð_d,287
1195,eɪ,w_dʒ,43
1196,eɪ,v_k,36
1197,eɪ,k_ʃ,312
1198,eɪ,ð_t,131
1199,eɪ,ð_s,429
1200,eɪ,ɡ_t,170
1201,eɪ,w_d,153
1202,eɪ,w_t,441
1203,eɪ,b_s,128
1204,eɪ,ð_m,236
1205,eɪ,w_b,121
1206,eɪ,s_h,48
1207,eɪ,ð_b,143
1208,eɪ,ʃ_k,144
1209,eɪ,t_t,654
1210,eɪ,s_t,84
1211,eɪ,w_p,31
1212,eɪ,s_ɹ,14
1213,eɪ,d_ɾ,55
1214,eɪ,d_p,37
1215,eɪ,t_s,151
1216,eɪ,m_ʃ,203
1217,eɪ,h_z,24
1218,eɪ,w_j,39
1219,eɪ,s_w,57
1220,eɪ,l_b,195
1221,eɪ,f_v,235
1222,eɪ,m_n,639
1223,eɪ,w_h,146
1224,eɪ,tʃ_f,8
1225,eɪ,ɹ_z,406
1226,eɪ,m_ɡ,26
1227,eɪ,ʃ_p,131
1228,eɪ,s_f,238
1229,eɪ,s_k,150
1230,eɪ,ɹ_v,304
1231,eɪ,k_t,145
1232,eɪ,d_l,221
1233,eɪ,m_dʒ,126
1234,eɪ,ɹ_ʃ,672
1235,eɪ,k_ʒ,236
1236,eɪ,m_t,130
1237,eɪ,v_ʃ,162
1238,eɪ,ɡ_ɾ,43
1239,eɪ,f_n,149
1240,eɪ,ɹ_dʒ,146
1241,eɪ,w_m,51
1242,eɪ,ŋ_b,19
1243,eɪ,ɡ_ʃ,88
1244,eɪ,n_ɾ,230
1245,eɪ,p_v,45
1246,eɪ,h_l,94
1247,eɪ,f_b,14
1248,eɪ,ʃ_d,99
1249,eɪ,f_l,232
1250,eɪ,s_ʃ,260
1251,eɪ,p_ʃ,312
1252,eɪ,v_ɡ,66
1253,eɪ,z_ʃ,114
1254,eɪ,z_d,14
1255,eɪ,ɹ_ɡ,25
1256,eɪ,θ_t,29
1257,eɪ,k_n,71
1258,eɪ,l_k,183
1259,eɪ,d_t,187
1260,eɪ,ɹ_b,68
1261,eɪ,l_f,79
1262,eɪ,p_l,159
1263,eɪ,ð_f,119
1264,eɪ,m_s,117
1265,eɪ,d_ʃ,104
1266,eɪ,ŋ_dʒ,8
1267,eɪ,v_t,64
1268,eɪ,p_s,176
1269,eɪ,ð_ɹ,210
1270,eɪ,p_dʒ,62
1271,eɪ,n_d,63
1272,eɪ,n_l,67
1273,eɪ,n_k,106
1274,eɪ,p_t,87
1275,eɪ,h_d,9
1276,eɪ,ð_dʒ,15
1277,eɪ,b_n,9
1278,eɪ,h_t,107
1279,eɪ,ɹ_h,48
1280,eɪ,ɹ_tʃ,95
1281,eɪ,l_h,62
1282,eɪ,z_dʒ,23
1283,eɪ,w_ɡ,17
1284,eɪ,m_l,133
1285,eɪ,p_p,321
1286,eɪ,d_ð,151
1287,eɪ,ɡ_z,124
1288,eɪ,v_d,59
1289,eɪ,k_j,2
1290,eɪ,t_ð,11
1291,eɪ,l_dʒ,30
1292,eɪ,k_d,82
1293,eɪ,m_ð,24
1294,eɪ,m_w,26
1295,eɪ,m_j,14
1296,eɪ,w_l,105
1297,eɪ,f_t,76
1298,eɪ,k_b,22
1299,eɪ,f_d,36
1300,eɪ,l_ɹ,43
1301,eɪ,dʒ_m,70
1302,eɪ,s_s,51
1303,eɪ,w_ɹ,31
1304,eɪ,h_v,72
1305,eɪ,l_z,113
1306,eɪ,d_s,53
1307,eɪ,l_p,24
1308,eɪ,f_m,95
1309,eɪ,ɡ_l,68
1310,eɪ,ð_ð,27
1311,eɪ,ð_n,108
1312,eɪ,m_p,43
1313,eɪ,v_ɾ,55
1314,eɪ,n_dʒ,29
1315,eɪ,z_t,30
1316,eɪ,j_l,9
1317,eɪ,ð_p,141
1318,eɪ,k_l,43
1319,eɪ,ŋ_p,1
1320,eɪ,h_ɾ,55
1321,eɪ,ɹ_f,37
1322,eɪ,s_d,22
1323,eɪ,s_b,75
1324,eɪ,dʒ_h,1
1325,eɪ,t_h,15
1326,eɪ,n_n,41
1327,eɪ,d_v,76
1328,eɪ,dʒ_l,26
1329,eɪ,n_v,40
1330,eɪ,f_θ,155
1331,eɪ,t_m,49
1332,eɪ,ɹ_θ,10
1333,eɪ,b_ð,51
1334,eɪ,v_p,37
1335,eɪ,d_ɡ,13
1336,eɪ,l_v,164
1337,eɪ,m_ɾ,47
1338,eɪ,l_l,20
1339,eɪ,tʃ_m,120
1340,eɪ,m_z,80
1341,eɪ,v_dʒ,47
1342,eɪ,p_z,8
1343,eɪ,v_ð,6
1344,eɪ,k_dʒ,26
1345,eɪ,p_k,15
1346,eɪ,t_dʒ,109
1347,eɪ,d_dʒ,36
1348,eɪ,m_m,22
1349,eɪ,p_ɡ,9
1350,eɪ,p_ɾ,30
1351,eɪ,w_θ,35
1352,eɪ,s_dʒ,27
1353,eɪ,v_ɹ,4
1354,eɪ,z_l,6
1355,eɪ,l_w,39
1356,eɪ,d_d,28
1357,eɪ,s_j,36
1358,eɪ,s_ɾ,4
1359,eɪ,t_w,16
1360,eɪ,dʒ_n,143
1361,eɪ,l_θ,7
1362,eɪ,s_p,11
1363,eɪ,p_h,28
1364,eɪ,v_ʒ,19
1365,eɪ,ð_θ,39
1366,eɪ,n_ð,9
1367,eɪ,d_k,51
1368,eɪ,w_tʃ,5
1369,eɪ,ɡ_b,27
1370,eɪ,k_k,65
1371,eɪ,d_j,19
1372,eɪ,d_ɹ,13
1373,eɪ,p_w,1
1374,eɪ,b_j,4
1375,eɪ,b_t,52
1376,eɪ,k_ð,8
1377,eɪ,ð_ʃ,83
1378,eɪ,ð_j,22
1379,eɪ,ɹ_w,19
1380,eɪ,t_d,54
1381,eɪ,k_v,51
1382,eɪ,ɡ_ɹ,2
1383,eɪ,f_z,10
1384,eɪ,t_ʒ,4
1385,eɪ,n_z,8
1386,eɪ,m_ɹ,55
1387,eɪ,l_j,10
1388,eɪ,h_m,17
1389,eɪ,f_ɾ,42
1390,eɪ,ɹ_p,76
1391,eɪ,n_p,19
1392,eɪ,t_z,24
1393,eɪ,ð_v,34
1394,eɪ,w_ʃ,30
1395,eɪ,b_k,56
1396,eɪ,dʒ_s,67
1397,eɪ,ʃ_v,37
1398,eɪ,l_ɡ,51
1399,eɪ,ɡ_k,5
1400,eɪ,ɡ_s,1
1401,eɪ,ɡ_p,14
1402,eɪ,t_v,8
1403,eɪ,ɹ_j,12
1404,eɪ,ɡ_f,3
1405,eɪ,tʃ_t,3
1406,eɪ,ʃ_f,1
1407,eɪ,n_s,12
1408,eɪ,n_h,5
1409,eɪ,w_ʒ,13
1410,eɪ,d_tʃ,6
1411,eɪ,v_h,6
1412,eɪ,dʒ_k,11
1413,eɪ,θ_p,1
1414,eɪ,z_n,10
1415,eɪ,b_l,27
1416,eɪ,h_f,4
1417,eɪ,v_m,3
1418,eɪ,b_ʃ,17
1419,eɪ,t_p,19
1420,eɪ,s_z,44
1421,eɪ,v_b,6
1422,eɪ,h_ð,3
1423,eɪ,t_f,5
1424,eɪ,ʒ_s,3
1425,eɪ,z_k,8
1426,eɪ,b_z,4
1427,eɪ,ð_tʃ,9
1428,eɪ,s_θ,6
1429,eɪ,f_dʒ,3
1430,eɪ,ɹ_ð,19
1431,eɪ,b_θ,1
1432,eɪ,b_w,7
1433,eɪ,b_ɾ,16
1434,eɪ,θ_k,4
1435,eɪ,ɾ_k,23
1436,eɪ,ɾ_ð,1
1437,eɪ,m_f,35
1438,eɪ,ɾ_ʃ,2
1439,eɪ,ɾ_b,1
1440,eɪ,ɾ_s,2
1441,eɪ,ɾ_ɡ,2
1442,eɪ,ɾ_h,3
1443,eɪ,ɾ_f,1
1444,eɪ,ɾ_w,2
1445,eɪ,θ_l,2
1446,eɪ,ɹ_ɹ,8
1447,eɪ,m_tʃ,5
1448,eɪ,n_ʒ,4
1449,eɪ,dʒ_d,7
1450,eɪ,b_ɡ,3
1451,eɪ,m_v,3
1452,eɪ,dʒ_ɾ,1
1453,eɪ,t_j,1
1454,eɪ,ɾ_ɾ,2
1455,eɪ,z_ɾ,4
1456,eɪ,tʃ_d,1
1457,eɪ,z_v,1
1458,eɪ,dʒ_b,6
1459,eɪ,v_v,2
1460,eɪ,h_w,3
1461,eɪ,v_s,6
1462,eɪ,ɾ_dʒ,3
1463,eɪ,v_z,1
1464,eɪ,tʃ_l,2
1465,eɪ,k_h,4
1466,eɪ,j_t,1
1467,eɪ,ʃ_n,4
1468,eɪ,p_ɹ,2
1469,eɪ,b_m,7
1470,eɪ,ʃ_z,7
1471,eɪ,ɡ_ɡ,2
1472,eɪ,p_b,4
1473,eɪ,m_θ,6
1474,eɪ,ŋ_m,1
1475,eɪ,ŋ_n,1
1476,eɪ,l_tʃ,7
1477,eɪ,θ_ʃ,1
1478,eɪ,z_h,1
1479,eɪ,p_θ,6
1480,eɪ,dʒ_w,1
1481,eɪ,k_z,1
1482,eɪ,n_θ,20
1483,eɪ,ɾ_m,1
1484,eɪ,f_k,4
1485,eɪ,n_w,3
1486,eɪ,ɡ_d,10
1487,eɪ,tʃ_v,1
1488,eɪ,dʒ_f,1
1489,eɪ,dʒ_dʒ,1
1490,eɪ,s_tʃ,5
1491,eɪ,h_b,3
1492,eɪ,b_h,2
1493,eɪ,n_ɡ,1
1494,eɪ,ʃ_ɾ,4
1495,eɪ,ŋ_k,2
1496,eɪ,ŋ_ʒ,1
1497,eɪ,h_n,13
1498,eɪ,ŋ_l,3
1499,eɪ,d_θ,4
1500,eɪ,n_j,1
1501,eɪ,tʃ_ð,1
1502,eɪ,t_ŋ,1
1503,eɪ,d_ʒ,2
1504,eɪ,h_k,2
1505,eɪ,z_m,5
1506,eɪ,tʃ_dʒ,1
1507,eɪ,v_ŋ,1
1508,eɪ,f_ʃ,1
1509,eɪ,tʃ_b,1
1510,eɪ,b_f,2
1511,eɪ,ɡ_w,2
1512,eɪ,t_ɡ,1
1513,eɪ,ŋ_d,2
1514,eɪ,t_tʃ,1
1515,eɪ,f_h,1
1516,eɪ,ŋ_t,2
1517,eɪ,f_ð,2
1518,eɪ,k_w,1
1519,eɪ,f_ɹ,1
1520,eɪ,b_ɹ,5
1521,eɪ,z_tʃ,1
1522,eɪ,h_ɡ,2
1523,eɪ,h_ʃ,1
1524,eɪ,tʃ_ɾ,4
1525,eɪ,ɡ_h,1
1526,eɪ,p_tʃ,2
1527,eɪ,tʃ_p,1
1528,eɪ,θ_dʒ,2
1529,eɪ,m_ʒ,1
1530,eɪ,ʃ_l,2
1531,eɪ,v_w,1
1532,eɪ,ɡ_ð,1
1533,eɪ,θ_d,1
1534,eɪ,ɾ_d,1
1535,eɪ,b_p,1
1536,ɛ,all,114186
1537,ɛ,t_,7167
1538,ɛ,w_,10250
1539,ɛ,s_,13872
1540,ɛ,l_,6146
1541,ɛ,ɹ_,11692
1542,ɛ,dʒ_,2675
1543,ɛ,n_,4783
1544,ɛ,k_,1460
1545,ɛ,p_,3312
1546,ɛ,ð_,12989
1547,ɛ,m_,5925
1548,ɛ,v_,4183
1549,ɛ,d_,3839
1550,ɛ,ɡ_,3545
1551,ɛ,f_,3596
1552,ɛ,z_,1862
1553,ɛ,h_,3478
1554,ɛ,b_,3139
1555,ɛ,ŋ_,418
1556,ɛ,tʃ_,589
1557,ɛ,j_,1582
1558,ɛ,ʃ_,458
1559,ɛ,ɾ_,170
1560,ɛ,θ_,141
1561,ɛ,ʒ_,1
1562,ɛ,_v,6359
1563,ɛ,_p,2155
1564,ɛ,_n,25820
1565,ɛ,_s,9647
1566,ɛ,_l,11621
1567,ɛ,_k,9447
1568,ɛ,_ɹ,18551
1569,ɛ,_t,3755
1570,ɛ,_m,6348
1571,ɛ,_d,8818
1572,ɛ,_f,1266
1573,ɛ,_z,1640
1574,ɛ,_ð,1021
1575,ɛ,_ʃ,1264
1576,ɛ,_ɡ,1638
1577,ɛ,_ɾ,1833
1578,ɛ,_ʒ,465
1579,ɛ,_ŋ,786
1580,ɛ,_tʃ,386
1581,ɛ,_θ,657
1582,ɛ,_b,167
1583,ɛ,_dʒ,522
1584,ɛ,_h,18
1585,ɛ,t_p,407
1586,ɛ,t_v,393
1587,ɛ,w_n,4764
1588,ɛ,s_n,1948
1589,ɛ,l_s,788
1590,ɛ,s_l,3472
1591,ɛ,s_p,698
1592,ɛ,ɹ_s,2334
1593,ɛ,dʒ_n,1138
1594,ɛ,n_v,1703
1595,ɛ,k_p,296
1596,ɛ,p_n,807
1597,ɛ,ð_ɹ,7049
1598,ɛ,ɹ_p,285
1599,ɛ,m_n,3102
1600,ɛ,l_t,681
1601,ɛ,v_ɹ,2230
1602,ɛ,w_l,2209
1603,ɛ,d_t,52
1604,ɛ,ð_n,2463
1605,ɛ,s_k,613
1606,ɛ,t_l,1205
1607,ɛ,v_l,217
1608,ɛ,ɡ_t,921
1609,ɛ,f_l,1173
1610,ɛ,ð_m,3406
1611,ɛ,w_ɹ,1839
1612,ɛ,ɡ_n,1659
1613,ɛ,ɹ_d,1658
1614,ɛ,z_s,193
1615,ɛ,n_s,346
1616,ɛ,ɹ_l,222
1617,ɛ,l_n,454
1618,ɛ,f_k,778
1619,ɛ,t_ɹ,892
1620,ɛ,l_p,98
1621,ɛ,dʒ_l,114
1622,ɛ,l_f,749
1623,ɛ,h_z,123
1624,ɛ,w_ð,369
1625,ɛ,s_s,716
1626,ɛ,ɹ_m,345
1627,ɛ,z_ʃ,106
1628,ɛ,n_ɡ,123
1629,ɛ,m_ɾ,90
1630,ɛ,t_f,27
1631,ɛ,h_l,991
1632,ɛ,ɹ_ɡ,311
1633,ɛ,b_d,366
1634,ɛ,z_n,585
1635,ɛ,t_k,497
1636,ɛ,s_ɾ,218
1637,ɛ,t_n,2257
1638,ɛ,b_ɡ,142
1639,ɛ,l_ɾ,368
1640,ɛ,b_s,417
1641,ɛ,s_t,600
1642,ɛ,ŋ_ɡ,14
1643,ɛ,tʃ_ɹ,241
1644,ɛ,j_s,630
1645,ɛ,n_ɹ,401
1646,ɛ,ɡ_ð,527
1647,ɛ,m_l,203
1648,ɛ,s_d,4011
1649,ɛ,s_m,169
1650,ɛ,d_v,573
1651,ɛ,w_s,728
1652,ɛ,n_k,1146
1653,ɛ,z_m,145
1654,ɛ,b_ɹ,638
1655,ɛ,s_v,776
1656,ɛ,v_v,129
1657,ɛ,ɹ_v,480
1658,ɛ,f_s,250
1659,ɛ,ɹ_k,1369
1660,ɛ,l_ʒ,216
1661,ɛ,ɹ_n,1669
1662,ɛ,p_ʃ,251
1663,ɛ,p_ɹ,719
1664,ɛ,p_k,923
1665,ɛ,ɡ_s,205
1666,ɛ,l_ŋ,192
1667,ɛ,k_ɹ,798
1668,ɛ,v_n,1014
1669,ɛ,m_t,253
1670,ɛ,l_ɹ,279
1671,ɛ,t_ɡ,109
1672,ɛ,l_k,873
1673,ɛ,dʒ_ɹ,125
1674,ɛ,v_k,186
1675,ɛ,h_d,1138
1676,ɛ,t_d,324
1677,ɛ,d_k,447
1678,ɛ,dʒ_k,678
1679,ɛ,p_tʃ,58
1680,ɛ,f_ɹ,697
1681,ɛ,ŋ_n,117
1682,ɛ,dʒ_ŋ,39
1683,ɛ,b_ɾ,550
1684,ɛ,d_ŋ,42
1685,ɛ,b_n,343
1686,ɛ,ɹ_z,841
1687,ɛ,j_t,799
1688,ɛ,dʒ_s,377
1689,ɛ,ɡ_ɾ,196
1690,ɛ,d_n,590
1691,ɛ,s_z,311
1692,ɛ,m_m,623
1693,ɛ,z_k,286
1694,ɛ,p_s,60
1695,ɛ,t_m,691
1696,ɛ,ɹ_ɾ,118
1697,ɛ,d_θ,362
1698,ɛ,h_n,301
1699,ɛ,n_n,526
1700,ɛ,ɹ_ʃ,636
1701,ɛ,ŋ_v,66
1702,ɛ,k_k,41
1703,ɛ,ɹ_θ,129
1704,ɛ,z_ɡ,85
1705,ɛ,ð_k,30
1706,ɛ,ɹ_tʃ,218
1707,ɛ,ʃ_l,151
1708,ɛ,f_n,277
1709,ɛ,d_ɹ,261
1710,ɛ,h_v,367
1711,ɛ,w_b,35
1712,ɛ,b_l,447
1713,ɛ,w_ɾ,16
1714,ɛ,l_v,305
1715,ɛ,m_ɹ,687
1716,ɛ,d_l,232
1717,ɛ,ɾ_n,98
1718,ɛ,ɹ_f,110
1719,ɛ,d_f,122
1720,ɛ,ŋ_l,106
1721,ɛ,m_θ,82
1722,ɛ,t_s,311
1723,ɛ,p_v,8
1724,ɛ,z_v,252
1725,ɛ,d_p,100
1726,ɛ,ʃ_ɹ,131
1727,ɛ,v_ɾ,23
1728,ɛ,ɹ_t,131
1729,ɛ,ɹ_ɹ,405
1730,ɛ,z_ŋ,41
1731,ɛ,s_ɹ,169
1732,ɛ,l_b,6
1733,ɛ,ŋ_k,64
1734,ɛ,m_s,208
1735,ɛ,ɡ_ɹ,30
1736,ɛ,d_ɡ,77
1737,ɛ,l_z,175
1738,ɛ,ʃ_p,47
1739,ɛ,k_m,50
1740,ɛ,d_z,60
1741,ɛ,s_ɡ,59
1742,ɛ,v_dʒ,47
1743,ɛ,f_b,21
1744,ɛ,ɹ_dʒ,128
1745,ɛ,h_ɹ,444
1746,ɛ,tʃ_v,28
1747,ɛ,k_l,39
1748,ɛ,b_ŋ,2
1749,ɛ,d_d,363
1750,ɛ,f_v,26
1751,ɛ,j_l,149
1752,ɛ,ɹ_ʒ,74
1753,ɛ,h_ɾ,7
1754,ɛ,v_s,210
1755,ɛ,z_ɹ,29
1756,ɛ,m_k,105
1757,ɛ,l_dʒ,138
1758,ɛ,p_d,42
1759,ɛ,θ_v,8
1760,ɛ,k_n,138
1761,ɛ,w_t,59
1762,ɛ,p_z,93
1763,ɛ,dʒ_ɾ,29
1764,ɛ,tʃ_k,97
1765,ɛ,tʃ_s,117
1766,ɛ,w_p,141
1767,ɛ,tʃ_ŋ,8
1768,ɛ,l_ʃ,72
1769,ɛ,d_s,297
1770,ɛ,l_ɡ,272
1771,ɛ,m_d,270
1772,ɛ,n_z,2
1773,ɛ,θ_ɾ,42
1774,ɛ,l_ð,37
1775,ɛ,w_d,77
1776,ɛ,ŋ_ɹ,17
1777,ɛ,θ_f,8
1778,ɛ,dʒ_t,13
1779,ɛ,l_d,282
1780,ɛ,ʃ_d,62
1781,ɛ,dʒ_m,33
1782,ɛ,l_m,97
1783,ɛ,ŋ_t,1
1784,ɛ,tʃ_z,3
1785,ɛ,n_l,120
1786,ɛ,b_t,22
1787,ɛ,p_l,168
1788,ɛ,n_t,83
1789,ɛ,p_ɾ,58
1790,ɛ,tʃ_n,31
1791,ɛ,n_d,62
1792,ɛ,n_f,61
1793,ɛ,s_f,9
1794,ɛ,d_m,208
1795,ɛ,m_f,9
1796,ɛ,p_m,12
1797,ɛ,h_m,23
1798,ɛ,f_d,83
1799,ɛ,f_ʃ,102
1800,ɛ,s_dʒ,2
1801,ɛ,ʃ_dʒ,2
1802,ɛ,dʒ_dʒ,3
1803,ɛ,n_dʒ,17
1804,ɛ,tʃ_f,1
1805,ɛ,ɹ_ŋ,193
1806,ɛ,m_v,61
1807,ɛ,f_ð,42
1808,ɛ,d_dʒ,12
1809,ɛ,z_t,18
1810,ɛ,l_l,52
1811,ɛ,tʃ_dʒ,2
1812,ɛ,tʃ_ɡ,12
1813,ɛ,n_θ,5
1814,ɛ,m_ʒ,175
1815,ɛ,f_tʃ,44
1816,ɛ,p_p,26
1817,ɛ,n_m,97
1818,ɛ,f_m,25
1819,ɛ,p_t,22
1820,ɛ,t_ɾ,1
1821,ɛ,ɾ_v,40
1822,ɛ,n_ŋ,32
1823,ɛ,k_s,8
1824,ɛ,ŋ_ɾ,1
1825,ɛ,θ_n,26
1826,ɛ,ð_v,21
1827,ɛ,k_h,1
1828,ɛ,v_d,4
1829,ɛ,z_l,59
1830,ɛ,n_ɾ,31
1831,ɛ,h_k,8
1832,ɛ,tʃ_m,8
1833,ɛ,b_k,136
1834,ɛ,t_b,14
1835,ɛ,d_ɾ,20
1836,ɛ,ŋ_θ,1
1837,ɛ,h_dʒ,30
1838,ɛ,p_b,18
1839,ɛ,k_v,31
1840,ɛ,b_v,11
1841,ɛ,tʃ_b,6
1842,ɛ,v_m,62
1843,ɛ,tʃ_l,18
1844,ɛ,v_ŋ,9
1845,ɛ,ŋ_m,12
1846,ɛ,m_ɡ,28
1847,ɛ,ʃ_n,9
1848,ɛ,b_θ,51
1849,ɛ,w_ɡ,5
1850,ɛ,s_θ,6
1851,ɛ,ɹ_b,23
1852,ɛ,ɾ_k,3
1853,ɛ,w_dʒ,5
1854,ɛ,k_tʃ,23
1855,ɛ,f_ɾ,19
1856,ɛ,z_f,15
1857,ɛ,p_ɡ,9
1858,ɛ,s_ʃ,76
1859,ɛ,m_dʒ,4
1860,ɛ,m_ʃ,5
1861,ɛ,p_ŋ,37
1862,ɛ,n_b,8
1863,ɛ,θ_ɹ,35
1864,ɛ,ʃ_k,2
1865,ɛ,ɾ_ɹ,7
1866,ɛ,h_f,1
1867,ɛ,ð_ɡ,9
1868,ɛ,f_ɡ,7
1869,ɛ,z_d,11
1870,ɛ,v_ʃ,1
1871,ɛ,ɹ_ð,12
1872,ɛ,t_ŋ,22
1873,ɛ,z_p,13
1874,ɛ,θ_m,2
1875,ɛ,ɾ_l,7
1876,ɛ,d_tʃ,2
1877,ɛ,ʃ_v,25
1878,ɛ,z_tʃ,2
1879,ɛ,l_tʃ,7
1880,ɛ,v_ɡ,35
1881,ɛ,ŋ_d,4
1882,ɛ,v_t,1
1883,ɛ,t_θ,3
1884,ɛ,v_θ,1
1885,ɛ,l_θ,5
1886,ɛ,z_θ,2
1887,ɛ,θ_s,6
1888,ɛ,tʃ_tʃ,7
1889,ɛ,f_z,8
1890,ɛ,dʒ_v,6
1891,ɛ,ʃ_t,5
1892,ɛ,k_ɾ,11
1893,ɛ,ʃ_b,1
1894,ɛ,s_ŋ,16
1895,ɛ,t_t,6
1896,ɛ,dʒ_z,7
1897,ɛ,z_dʒ,19
1898,ɛ,t_ð,2
1899,ɛ,k_t,5
1900,ɛ,dʒ_h,14
1901,ɛ,ŋ_ŋ,4
1902,ɛ,f_dʒ,1
1903,ɛ,ŋ_f,4
1904,ɛ,ɡ_v,1
1905,ɛ,m_ŋ,5
1906,ɛ,t_dʒ,3
1907,ɛ,dʒ_ɡ,11
1908,ɛ,j_n,4
1909,ɛ,ɾ_m,8
1910,ɛ,h_p,16
1911,ɛ,h_b,2
1912,ɛ,d_b,18
1913,ɛ,h_ð,21
1914,ɛ,m_h,1
1915,ɛ,dʒ_b,1
1916,ɛ,ŋ_s,4
1917,ɛ,n_ð,11
1918,ɛ,k_d,2
1919,ɛ,ð_d,2
1920,ɛ,θ_k,5
1921,ɛ,θ_ɡ,2
1922,ɛ,t_tʃ,1
1923,ɛ,ɡ_ŋ,1
1924,ɛ,f_ŋ,5
1925,ɛ,m_p,3
1926,ɛ,m_z,7
1927,ɛ,ʃ_f,18
1928,ɛ,k_ɡ,7
1929,ɛ,k_ʃ,1
1930,ɛ,dʒ_ʃ,1
1931,ɛ,ʒ_ŋ,1
1932,ɛ,ð_l,5
1933,ɛ,ʃ_m,2
1934,ɛ,dʒ_f,71
1935,ɛ,ɾ_d,3
1936,ɛ,ʃ_ɾ,1
1937,ɛ,ɡ_m,1
1938,ɛ,ɡ_l,2
1939,ɛ,dʒ_d,13
1940,ɛ,k_f,4
1941,ɛ,k_dʒ,1
1942,ɛ,b_tʃ,13
1943,ɛ,θ_ŋ,3
1944,ɛ,ɾ_dʒ,2
1945,ɛ,ð_s,2
1946,ɛ,dʒ_p,2
1947,ɛ,ʃ_s,1
1948,ɛ,n_p,5
1949,ɛ,ŋ_p,3
1950,ɛ,v_tʃ,5
1951,ɛ,θ_l,2
1952,ɛ,ð_b,1
1953,ɛ,n_tʃ,1
1954,ɛ,v_f,5
1955,ɛ,k_ŋ,2
1956,ɛ,v_z,2
1957,ɛ,w_tʃ,3
1958,ɛ,h_s,5
1959,ɛ,d_h,1
1960,ɛ,f_t,37
1961,ɛ,m_b,3
1962,ɛ,s_b,2
1963,ɛ,tʃ_ʃ,9
1964,ɛ,θ_dʒ,1
1965,ɛ,θ_t,1
1966,ɛ,n_ʃ,3
1967,ɛ,p_dʒ,1
1968,ɛ,ɾ_ɡ,1
1969,ɛ,m_tʃ,1
1970,ɛ,ʃ_ɡ,1
1971,ɛ,t_z,1
1972,ɛ,h_θ,1
1973,ɛ,tʃ_d,1
1974,ɛ,v_b,1
1975,ɛ,k_z,1
1976,ɛ,v_p,1
1977,ɛ,t_ʃ,1
1978,ɛ,s_tʃ,1
1979,ɛ,ɡ_z,2
1980,ɛ,ɾ_s,1
1981,ɛ,ð_p,1
1982,ɛ,b_z,1
1983,ɛ,z_ɾ,1
1984,ɛ,f_f,1
1985,æ,all,130289
1986,æ,tʃ_,1207
1987,æ,ð_,13290
1988,æ,m_,8569
1989,æ,h_,17268
1990,æ,z_,6288
1991,æ,v_,1722
1992,æ,k_,6732
1993,æ,s_,5716
1994,æ,l_,8007
1995,æ,θ_,739
1996,æ,p_,3929
1997,æ,ɹ_,10222
1998,æ,t_,8279
1999,æ,d_,7066
2000,æ,n_,5898
2001,æ,ɡ_,1360
2002,æ,f_,2583
2003,æ,ŋ_,2073
2004,æ,b_,3148
2005,æ,ʃ_,901
2006,æ,dʒ_,640
2007,æ,w_,182
2008,æ,ɾ_,108
2009,æ,j_,35
2010,æ,ʒ_,5
2011,æ,_p,3116
2012,æ,_f,3110
2013,æ,_t,19075
2014,æ,_n,50752
2015,æ,_d,9963
2016,æ,_z,10163
2017,æ,_v,4270
2018,æ,_ŋ,2242
2019,æ,_ɹ,2794
2020,æ,_k,5011
2021,æ,_ʃ,874
2022,æ,_m,2495
2023,æ,_s,5993
2024,æ,_ɾ,3074
2025,æ,_b,1096
2026,æ,_l,2484
2027,æ,_ɡ,1059
2028,æ,_θ,515
2029,æ,_dʒ,698
2030,æ,_ð,570
2031,æ,_tʃ,856
2032,æ,_h,14
2033,æ,_ʒ,36
2034,æ,_w,7
2035,æ,tʃ_p,193
2036,æ,ð_t,12880
2037,æ,m_n,4628
2038,æ,h_d,7699
2039,æ,z_n,4161
2040,æ,v_z,84
2041,æ,z_t,422
2042,æ,k_n,3068
2043,æ,s_z,476
2044,æ,h_v,3662
2045,æ,l_t,333
2046,æ,h_z,1591
2047,æ,θ_ŋ,233
2048,æ,p_ɹ,440
2049,æ,ɹ_n,4525
2050,æ,t_n,4303
2051,æ,t_z,1136
2052,æ,s_n,3121
2053,æ,ɹ_k,637
2054,æ,ɹ_ŋ,546
2055,æ,d_z,1159
2056,æ,d_n,3785
2057,æ,t_t,756
2058,æ,n_n,3085
2059,æ,ɹ_z,701
2060,æ,p_ʃ,159
2061,æ,ɡ_n,714
2062,æ,k_p,569
2063,æ,l_n,2914
2064,æ,ɡ_m,50
2065,æ,ɹ_s,369
2066,æ,tʃ_n,564
2067,æ,k_ɹ,915
2068,æ,f_n,796
2069,æ,ɹ_p,346
2070,æ,h_p,1323
2071,æ,z_z,698
2072,æ,z_s,86
2073,æ,h_n,1652
2074,æ,ɹ_ɾ,288
2075,æ,h_b,219
2076,æ,s_l,113
2077,æ,m_l,74
2078,æ,tʃ_m,42
2079,æ,d_f,254
2080,æ,d_t,832
2081,æ,p_n,1074
2082,æ,d_s,144
2083,æ,f_f,21
2084,æ,v_n,818
2085,æ,l_p,157
2086,æ,ð_n,187
2087,æ,ɹ_b,106
2088,æ,h_f,515
2089,æ,ɹ_t,446
2090,æ,m_ɡ,151
2091,æ,f_k,587
2092,æ,tʃ_t,37
2093,æ,n_d,70
2094,æ,t_d,84
2095,æ,ɹ_v,294
2096,æ,p_s,1162
2097,æ,t_k,359
2098,æ,ŋ_n,1100
2099,æ,l_m,199
2100,æ,ð_z,25
2101,æ,p_θ,158
2102,æ,ŋ_z,341
2103,æ,l_s,1481
2104,æ,b_k,1309
2105,æ,t_m,94
2106,æ,m_d,295
2107,æ,ŋ_ɾ,83
2108,æ,t_ɾ,209
2109,æ,n_s,93
2110,æ,s_s,55
2111,æ,l_f,488
2112,æ,k_f,95
2113,æ,ʃ_l,415
2114,æ,n_z,762
2115,æ,m_dʒ,449
2116,æ,v_s,120
2117,æ,tʃ_ɾ,43
2118,æ,m_s,716
2119,æ,s_k,235
2120,æ,ɹ_d,175
2121,æ,s_ɾ,350
2122,æ,ŋ_f,88
2123,æ,l_d,438
2124,æ,f_t,164
2125,æ,b_ɹ,293
2126,æ,m_ɾ,603
2127,æ,h_t,126
2128,æ,ɹ_ɡ,309
2129,æ,f_m,341
2130,æ,z_m,243
2131,æ,ɹ_ð,376
2132,æ,n_k,151
2133,æ,b_ŋ,259
2134,æ,n_p,138
2135,æ,l_ʃ,147
2136,æ,ð_ɾ,158
2137,æ,ɡ_ð,175
2138,æ,ɹ_ʃ,89
2139,æ,v_k,44
2140,æ,d_m,208
2141,æ,l_ŋ,251
2142,æ,l_ɾ,255
2143,æ,f_z,145
2144,æ,l_z,480
2145,æ,s_d,223
2146,æ,b_d,223
2147,æ,n_f,186
2148,æ,m_ʃ,22
2149,æ,k_tʃ,132
2150,æ,v_m,43
2151,æ,k_ɾ,196
2152,æ,k_m,286
2153,æ,p_t,245
2154,æ,dʒ_k,120
2155,æ,ŋ_t,316
2156,æ,d_ɹ,20
2157,æ,ʃ_n,156
2158,æ,s_t,625
2159,æ,z_f,119
2160,æ,k_t,272
2161,æ,m_tʃ,78
2162,æ,p_l,205
2163,æ,z_d,72
2164,æ,k_b,150
2165,æ,h_ŋ,110
2166,æ,n_tʃ,272
2167,æ,b_ɡ,94
2168,æ,m_z,321
2169,æ,d_d,91
2170,æ,ɡ_s,108
2171,æ,w_k,25
2172,æ,θ_t,23
2173,æ,ɡ_z,17
2174,æ,t_ɡ,87
2175,æ,m_f,59
2176,æ,t_f,267
2177,æ,tʃ_z,180
2178,æ,ɹ_f,346
2179,æ,s_f,95
2180,æ,t_ŋ,128
2181,æ,f_s,269
2182,æ,ɹ_m,301
2183,æ,p_k,109
2184,æ,s_p,26
2185,æ,k_s,329
2186,æ,ŋ_m,64
2187,æ,t_s,227
2188,æ,z_k,195
2189,æ,m_ŋ,56
2190,æ,t_b,174
2191,æ,v_l,408
2192,æ,t_tʃ,103
2193,æ,n_t,452
2194,æ,tʃ_l,32
2195,æ,n_m,75
2196,æ,ɹ_tʃ,50
2197,æ,k_z,158
2198,æ,l_k,607
2199,æ,f_ʃ,123
2200,æ,s_m,92
2201,æ,b_l,98
2202,æ,k_l,185
2203,æ,θ_ɾ,4
2204,æ,z_b,51
2205,æ,z_dʒ,30
2206,æ,d_ɾ,126
2207,æ,p_z,70
2208,æ,z_ŋ,50
2209,æ,m_t,187
2210,æ,z_ɾ,88
2211,æ,p_ŋ,31
2212,æ,m_ɹ,553
2213,æ,t_h,2
2214,æ,n_ʃ,101
2215,æ,n_ɹ,170
2216,æ,d_p,59
2217,æ,l_b,62
2218,æ,ɾ_z,2
2219,æ,b_s,106
2220,æ,b_p,16
2221,æ,m_p,31
2222,æ,w_f,4
2223,æ,d_k,104
2224,æ,θ_n,395
2225,æ,f_b,15
2226,æ,n_ɾ,97
2227,æ,s_ʒ,1
2228,æ,p_d,42
2229,æ,dʒ_n,320
2230,æ,k_ŋ,9
2231,æ,l_ɹ,52
2232,æ,s_tʃ,14
2233,æ,b_t,58
2234,æ,d_b,28
2235,æ,ŋ_l,8
2236,æ,ʃ_d,140
2237,æ,s_v,78
2238,æ,ɡ_l,152
2239,æ,d_ŋ,104
2240,æ,l_tʃ,13
2241,æ,ʃ_ɾ,27
2242,æ,k_ʃ,60
2243,æ,tʃ_ɹ,58
2244,æ,h_k,10
2245,æ,dʒ_z,43
2246,æ,h_ɾ,15
2247,æ,m_k,138
2248,æ,ɾ_p,2
2249,æ,b_ɾ,187
2250,æ,k_v,84
2251,æ,h_l,29
2252,æ,v_t,38
2253,æ,t_p,57
2254,æ,m_m,108
2255,æ,w_n,8
2256,æ,b_n,271
2257,æ,h_θ,45
2258,æ,w_m,41
2259,æ,b_b,59
2260,æ,n_b,37
2261,æ,ɹ_dʒ,119
2262,æ,l_θ,1
2263,æ,h_m,116
2264,æ,s_θ,2
2265,æ,p_tʃ,72
2266,æ,m_θ,69
2267,æ,ɹ_l,156
2268,æ,t_l,175
2269,æ,dʒ_t,19
2270,æ,k_θ,129
2271,æ,d_θ,3
2272,æ,ð_b,2
2273,æ,d_ɡ,28
2274,æ,θ_z,29
2275,æ,h_ɹ,88
2276,æ,n_dʒ,10
2277,æ,j_h,1
2278,æ,ʃ_b,13
2279,æ,ʃ_z,16
2280,æ,k_ʒ,24
2281,æ,n_l,105
2282,æ,dʒ_ɾ,3
2283,æ,v_p,26
2284,æ,j_ŋ,20
2285,æ,b_tʃ,43
2286,æ,ð_p,3
2287,æ,ɡ_t,14
2288,æ,d_v,12
2289,æ,f_v,1
2290,æ,ʃ_f,25
2291,æ,d_ʃ,52
2292,æ,ɡ_ʃ,7
2293,æ,l_ɡ,73
2294,æ,n_v,26
2295,æ,n_ŋ,39
2296,æ,m_h,6
2297,æ,s_ɹ,15
2298,æ,tʃ_k,13
2299,æ,n_ɡ,21
2300,æ,θ_s,2
2301,æ,ɾ_l,3
2302,æ,d_l,49
2303,æ,f_l,33
2304,æ,dʒ_d,5
2305,æ,v_ŋ,33
2306,æ,θ_tʃ,22
2307,æ,θ_f,19
2308,æ,ŋ_p,6
2309,æ,z_p,23
2310,æ,s_ŋ,135
2311,æ,dʒ_ŋ,7
2312,æ,b_f,20
2313,æ,ɡ_ɡ,9
2314,æ,n_θ,6
2315,æ,f_ɾ,33
2316,æ,tʃ_s,16
2317,æ,ŋ_d,6
2318,æ,ʃ_m,33
2319,æ,p_ɾ,109
2320,æ,ɡ_ɹ,49
2321,æ,h_ʃ,4
2322,æ,f_ð,14
2323,æ,k_k,24
2324,æ,l_v,30
2325,æ,ɹ_θ,23
2326,æ,z_ɹ,7
2327,æ,ʃ_s,22
2328,æ,h_tʃ,49
2329,æ,z_ɡ,14
2330,æ,ð_ŋ,13
2331,æ,n_ʒ,1
2332,æ,ɹ_ʒ,4
2333,æ,dʒ_ɡ,12
2334,æ,ʃ_k,17
2335,æ,tʃ_ŋ,5
2336,æ,f_tʃ,7
2337,æ,p_m,24
2338,æ,s_ɡ,18
2339,æ,k_d,35
2340,æ,ɡ_ŋ,23
2341,æ,v_d,25
2342,æ,d_dʒ,8
2343,æ,t_v,13
2344,æ,v_b,17
2345,æ,dʒ_p,44
2346,æ,ŋ_s,18
2347,æ,ŋ_θ,2
2348,æ,p_p,11
2349,æ,b_θ,61
2350,æ,v_ɹ,15
2351,æ,v_f,14
2352,æ,l_l,14
2353,æ,m_ð,2
2354,æ,ʃ_t,9
2355,æ,θ_k,1
2356,æ,m_b,11
2357,æ,v_ɾ,10
2358,æ,ɾ_ɾ,1
2359,æ,dʒ_l,6
2360,æ,t_ʃ,71
2361,æ,ŋ_ŋ,15
2362,æ,ŋ_k,16
2363,æ,h_ɡ,7
2364,æ,dʒ_s,27
2365,æ,ɡ_v,16
2366,æ,j_k,7
2367,æ,k_dʒ,5
2368,æ,v_dʒ,3
2369,æ,w_ɡ,75
2370,æ,s_dʒ,4
2371,æ,b_dʒ,22
2372,æ,ŋ_v,1
2373,æ,l_dʒ,7
2374,æ,v_ɡ,17
2375,æ,z_l,18
2376,æ,w_d,15
2377,æ,ð_k,5
2378,æ,ð_v,2
2379,æ,s_b,27
2380,æ,ɾ_ŋ,5
2381,æ,ð_d,8
2382,æ,b_z,13
2383,æ,t_dʒ,12
2384,æ,l_h,1
2385,æ,b_ʃ,8
2386,æ,tʃ_f,14
2387,æ,t_θ,4
2388,æ,θ_m,3
2389,æ,ɹ_ɹ,12
2390,æ,t_ɹ,16
2391,æ,v_θ,3
2392,æ,f_d,6
2393,æ,ɡ_p,8
2394,æ,p_f,11
2395,æ,ɡ_k,2
2396,æ,ɾ_ɹ,1
2397,æ,f_ɹ,16
2398,æ,ʃ_ɡ,10
2399,æ,ɾ_n,3
2400,æ,z_ʃ,4
2401,æ,v_ʃ,3
2402,æ,θ_ɡ,3
2403,æ,dʒ_f,10
2404,æ,tʃ_d,5
2405,æ,ɾ_m,13
2406,æ,dʒ_v,8
2407,æ,ʒ_k,3
2408,æ,w_ŋ,5
2409,æ,s_ʃ,10
2410,æ,ð_l,5
2411,æ,h_w,1
2412,æ,h_s,7
2413,æ,f_ɡ,5
2414,æ,ŋ_ɡ,2
2415,æ,ʃ_p,10
2416,æ,w_s,1
2417,æ,f_ŋ,6
2418,æ,z_v,7
2419,æ,ŋ_b,3
2420,æ,dʒ_m,10
2421,æ,ʃ_ŋ,3
2422,æ,ɡ_f,4
2423,æ,ð_ɹ,1
2424,æ,j_n,1
2425,æ,ŋ_ɹ,3
2426,æ,dʒ_ɹ,1
2427,æ,b_m,8
2428,æ,l_ð,3
2429,æ,v_ʒ,1
2430,æ,w_dʒ,1
2431,æ,n_w,1
2432,æ,dʒ_b,3
2433,æ,p_dʒ,5
2434,æ,θ_dʒ,1
2435,æ,p_ɡ,2
2436,æ,j_z,2
2437,æ,w_t,1
2438,æ,w_ɾ,1
2439,æ,tʃ_b,4
2440,æ,ɡ_d,1
2441,æ,ʒ_n,2
2442,æ,θ_d,1
2443,æ,dʒ_θ,1
2444,æ,w_p,1
2445,æ,ɹ_w,2
2446,æ,ɡ_ɾ,1
2447,æ,t_ʒ,1
2448,æ,ɾ_ʃ,2
2449,æ,θ_v,2
2450,æ,tʃ_ɡ,1
2451,æ,ʃ_ɹ,1
2452,æ,ɾ_ɡ,76
2453,æ,ɹ_h,2
2454,æ,j_d,4
2455,æ,θ_b,1
2456,æ,k_ɡ,5
2457,æ,ŋ_dʒ,1
2458,æ,ɡ_b,7
2459,æ,ɡ_dʒ,1
2460,æ,ɡ_w,2
2461,æ,f_p,1
2462,æ,k_h,1
2463,æ,m_v,1
2464,æ,dʒ_w,1
2465,æ,ð_m,1
2466,æ,w_h,1
2467,ɑ,all,47453
2468,ɑ,z_,1092
2469,ɑ,m_,1924
2470,ɑ,p_,5362
2471,ɑ,n_,8448
2472,ɑ,k_,4301
2473,ɑ,b_,1871
2474,ɑ,f_,2536
2475,ɑ,ɡ_,2131
2476,ɑ,ɹ_,3771
2477,ɑ,s_,1071
2478,ɑ,v_,481
2479,ɑ,h_,2320
2480,ɑ,l_,2086
2481,ɑ,d_,2025
2482,ɑ,ʃ_,630
2483,ɑ,tʃ_,606
2484,ɑ,t_,2226
2485,ɑ,j_,212
2486,ɑ,ŋ_,134
2487,ɑ,w_,826
2488,ɑ,dʒ_,599
2489,ɑ,ɾ_,23
2490,ɑ,ð_,21
2491,ɑ,θ_,62
2492,ɑ,ʒ_,1
2493,ɑ,_n,5731
2494,ɑ,_ɹ,15174
2495,ɑ,_t,8311
2496,ɑ,_m,1985
2497,ɑ,_k,2391
2498,ɑ,_ð,817
2499,ɑ,_d,1821
2500,ɑ,_s,1519
2501,ɑ,_l,2667
2502,ɑ,_ɾ,704
2503,ɑ,_ŋ,302
2504,ɑ,_tʃ,385
2505,ɑ,_dʒ,210
2506,ɑ,_b,1262
2507,ɑ,_p,2154
2508,ɑ,_ɡ,560
2509,ɑ,_z,195
2510,ɑ,_v,348
2511,ɑ,_f,443
2512,ɑ,_θ,79
2513,ɑ,_ʃ,199
2514,ɑ,_h,43
2515,ɑ,_ʒ,9
2516,ɑ,_j,32
2517,ɑ,_w,22
2518,ɑ,z_n,33
2519,ɑ,m_ɹ,1232
2520,ɑ,p_ɹ,1715
2521,ɑ,n_n,146
2522,ɑ,n_t,7006
2523,ɑ,k_m,940
2524,ɑ,b_k,165
2525,ɑ,f_ð,779
2526,ɑ,b_ɹ,475
2527,ɑ,p_k,182
2528,ɑ,m_d,218
2529,ɑ,ɡ_ɹ,800
2530,ɑ,p_s,563
2531,ɑ,ɹ_n,276
2532,ɑ,f_l,575
2533,ɑ,p_n,1947
2534,ɑ,k_ɾ,146
2535,ɑ,k_n,1625
2536,ɑ,s_ɹ,468
2537,ɑ,v_l,219
2538,ɑ,h_ɹ,1693
2539,ɑ,l_k,414
2540,ɑ,d_k,460
2541,ɑ,ɡ_t,585
2542,ɑ,s_l,258
2543,ɑ,ʃ_n,64
2544,ɑ,tʃ_ɹ,543
2545,ɑ,p_t,178
2546,ɑ,t_ɹ,885
2547,ɑ,f_ɹ,929
2548,ɑ,b_d,756
2549,ɑ,j_n,45
2550,ɑ,n_d,114
2551,ɑ,ɹ_m,397
2552,ɑ,ɹ_ɹ,503
2553,ɑ,ŋ_m,5
2554,ɑ,v_ɹ,116
2555,ɑ,l_ŋ,169
2556,ɑ,w_tʃ,331
2557,ɑ,l_t,171
2558,ɑ,d_dʒ,10
2559,ɑ,k_b,18
2560,ɑ,z_b,48
2561,ɑ,f_n,96
2562,ɑ,dʒ_l,43
2563,ɑ,b_ð,22
2564,ɑ,k_l,382
2565,ɑ,z_ɹ,751
2566,ɑ,ɹ_p,632
2567,ɑ,k_k,97
2568,ɑ,l_ɹ,735
2569,ɑ,h_t,111
2570,ɑ,t_ɡ,8
2571,ɑ,j_ɹ,150
2572,ɑ,dʒ_ɹ,52
2573,ɑ,ʃ_p,132
2574,ɑ,n_l,198
2575,ɑ,d_l,164
2576,ɑ,k_ɹ,727
2577,ɑ,ɹ_s,423
2578,ɑ,w_p,4
2579,ɑ,ɹ_ɾ,74
2580,ɑ,d_ɹ,849
2581,ɑ,ʃ_t,134
2582,ɑ,t_p,587
2583,ɑ,h_l,172
2584,ɑ,ɹ_b,475
2585,ɑ,l_p,33
2586,ɑ,s_s,8
2587,ɑ,ɾ_p,2
2588,ɑ,n_k,152
2589,ɑ,p_z,94
2590,ɑ,ʃ_ɹ,207
2591,ɑ,m_b,33
2592,ɑ,l_n,74
2593,ɑ,ɹ_d,82
2594,ɑ,d_b,40
2595,ɑ,t_ð,1
2596,ɑ,ŋ_ɹ,67
2597,ɑ,w_d,43
2598,ɑ,t_n,163
2599,ɑ,tʃ_p,33
2600,ɑ,n_b,58
2601,ɑ,ɹ_ɡ,146
2602,ɑ,k_t,48
2603,ɑ,n_m,99
2604,ɑ,h_m,17
2605,ɑ,b_ɾ,164
2606,ɑ,l_dʒ,144
2607,ɑ,l_s,76
2608,ɑ,z_ɾ,6
2609,ɑ,p_l,201
2610,ɑ,n_ɹ,421
2611,ɑ,t_b,39
2612,ɑ,k_p,75
2613,ɑ,n_p,48
2614,ɑ,t_l,71
2615,ɑ,ɡ_s,50
2616,ɑ,ɹ_k,320
2617,ɑ,s_k,36
2618,ɑ,ɾ_ɹ,11
2619,ɑ,z_l,123
2620,ɑ,ð_ɹ,13
2621,ɑ,ʃ_k,63
2622,ɑ,s_b,83
2623,ɑ,d_n,155
2624,ɑ,s_n,79
2625,ɑ,ɡ_d,446
2626,ɑ,d_ɡ,163
2627,ɑ,h_b,33
2628,ɑ,v_d,10
2629,ɑ,t_k,163
2630,ɑ,l_v,16
2631,ɑ,w_z,24
2632,ɑ,s_d,7
2633,ɑ,dʒ_ɡ,14
2634,ɑ,t_m,223
2635,ɑ,f_ɡ,34
2636,ɑ,ɹ_l,58
2637,ɑ,p_m,50
2638,ɑ,f_θ,1
2639,ɑ,s_t,1
2640,ɑ,m_n,207
2641,ɑ,w_m,26
2642,ɑ,f_tʃ,1
2643,ɑ,p_θ,25
2644,ɑ,ɹ_f,148
2645,ɑ,z_m,5
2646,ɑ,p_p,272
2647,ɑ,ŋ_b,17
2648,ɑ,v_n,51
2649,ɑ,k_ŋ,118
2650,ɑ,w_ʃ,172
2651,ɑ,dʒ_k,11
2652,ɑ,k_ɡ,31
2653,ɑ,n_f,45
2654,ɑ,h_s,139
2655,ɑ,f_k,62
2656,ɑ,h_h,10
2657,ɑ,b_n,93
2658,ɑ,dʒ_n,390
2659,ɑ,n_s,31
2660,ɑ,ɾ_k,8
2661,ɑ,ɹ_v,101
2662,ɑ,ɹ_ŋ,2
2663,ɑ,h_n,15
2664,ɑ,ŋ_n,12
2665,ɑ,m_t,9
2666,ɑ,d_p,60
2667,ɑ,p_v,43
2668,ɑ,t_f,21
2669,ɑ,ɹ_ʒ,2
2670,ɑ,l_z,34
2671,ɑ,ɡ_θ,17
2672,ɑ,l_ɡ,46
2673,ɑ,p_ɾ,37
2674,ɑ,d_m,34
2675,ɑ,v_b,16
2676,ɑ,s_v,41
2677,ɑ,w_ɹ,77
2678,ɑ,θ_ɹ,37
2679,ɑ,b_ɡ,11
2680,ɑ,l_b,64
2681,ɑ,d_ɾ,13
2682,ɑ,ʃ_l,19
2683,ɑ,z_d,18
2684,ɑ,z_j,3
2685,ɑ,ŋ_p,4
2686,ɑ,k_tʃ,12
2687,ɑ,j_l,7
2688,ɑ,z_f,35
2689,ɑ,m_k,67
2690,ɑ,s_f,26
2691,ɑ,w_l,33
2692,ɑ,s_j,2
2693,ɑ,b_m,39
2694,ɑ,w_n,21
2695,ɑ,ɡ_ɾ,124
2696,ɑ,l_d,13
2697,ɑ,n_v,65
2698,ɑ,n_tʃ,5
2699,ɑ,h_p,64
2700,ɑ,b_b,78
2701,ɑ,w_ɾ,7
2702,ɑ,l_tʃ,9
2703,ɑ,l_m,29
2704,ɑ,d_d,7
2705,ɑ,w_v,7
2706,ɑ,l_θ,5
2707,ɑ,ɹ_dʒ,45
2708,ɑ,ɡ_ɡ,12
2709,ɑ,z_ð,3
2710,ɑ,m_l,36
2711,ɑ,ɾ_ɾ,1
2712,ɑ,z_p,14
2713,ɑ,n_ɾ,39
2714,ɑ,m_dʒ,6
2715,ɑ,z_s,4
2716,ɑ,v_k,30
2717,ɑ,ɹ_z,10
2718,ɑ,m_m,14
2719,ɑ,θ_d,5
2720,ɑ,f_p,8
2721,ɑ,f_f,6
2722,ɑ,dʒ_b,45
2723,ɑ,l_ɾ,25
2724,ɑ,m_f,4
2725,ɑ,h_ɡ,26
2726,ɑ,l_f,10
2727,ɑ,v_f,8
2728,ɑ,ŋ_f,12
2729,ɑ,v_m,12
2730,ɑ,d_f,16
2731,ɑ,f_s,33
2732,ɑ,f_b,6
2733,ɑ,s_m,40
2734,ɑ,z_k,26
2735,ɑ,s_ɡ,1
2736,ɑ,dʒ_s,18
2737,ɑ,t_d,6
2738,ɑ,d_s,29
2739,ɑ,ɡ_b,21
2740,ɑ,t_ɾ,16
2741,ɑ,ʃ_f,3
2742,ɑ,p_f,1
2743,ɑ,ɡ_l,14
2744,ɑ,dʒ_ʃ,8
2745,ɑ,t_h,4
2746,ɑ,m_s,38
2747,ɑ,k_s,33
2748,ɑ,z_ʃ,1
2749,ɑ,ɡ_n,20
2750,ɑ,l_h,2
2751,ɑ,v_s,5
2752,ɑ,k_f,5
2753,ɑ,ɹ_ʃ,9
2754,ɑ,t_v,20
2755,ɑ,k_v,20
2756,ɑ,z_v,6
2757,ɑ,m_ʒ,3
2758,ɑ,w_t,17
2759,ɑ,b_v,6
2760,ɑ,t_tʃ,1
2761,ɑ,tʃ_n,3
2762,ɑ,z_tʃ,1
2763,ɑ,n_ɡ,7
2764,ɑ,v_ɡ,2
2765,ɑ,ɹ_t,20
2766,ɑ,m_ɾ,10
2767,ɑ,p_tʃ,1
2768,ɑ,w_s,10
2769,ɑ,s_p,12
2770,ɑ,ŋ_k,7
2771,ɑ,m_v,1
2772,ɑ,b_l,23
2773,ɑ,ŋ_d,3
2774,ɑ,m_j,2
2775,ɑ,b_s,6
2776,ɑ,j_ʃ,3
2777,ɑ,n_j,3
2778,ɑ,ð_p,1
2779,ɑ,v_p,10
2780,ɑ,ʃ_d,5
2781,ɑ,m_ɡ,17
2782,ɑ,h_ɾ,7
2783,ɑ,ɹ_h,4
2784,ɑ,θ_ŋ,3
2785,ɑ,b_t,4
2786,ɑ,ɹ_tʃ,19
2787,ɑ,h_k,6
2788,ɑ,tʃ_k,18
2789,ɑ,t_s,3
2790,ɑ,l_l,12
2791,ɑ,m_w,4
2792,ɑ,w_k,6
2793,ɑ,ɡ_ʃ,3
2794,ɑ,m_h,3
2795,ɑ,k_z,9
2796,ɑ,p_b,4
2797,ɑ,w_f,4
2798,ɑ,d_ð,3
2799,ɑ,m_p,7
2800,ɑ,h_v,13
2801,ɑ,z_ɡ,10
2802,ɑ,θ_s,5
2803,ɑ,s_ɾ,4
2804,ɑ,ŋ_s,4
2805,ɑ,ð_f,1
2806,ɑ,p_d,30
2807,ɑ,ɡ_dʒ,1
2808,ɑ,t_t,2
2809,ɑ,b_h,1
2810,ɑ,ɹ_θ,13
2811,ɑ,b_tʃ,3
2812,ɑ,d_t,8
2813,ɑ,dʒ_t,2
2814,ɑ,ʒ_n,1
2815,ɑ,t_ŋ,5
2816,ɑ,n_ʒ,1
2817,ɑ,ð_n,2
2818,ɑ,n_ʃ,1
2819,ɑ,p_h,2
2820,ɑ,ɡ_v,2
2821,ɑ,p_ɡ,5
2822,ɑ,v_z,1
2823,ɑ,s_ʒ,1
2824,ɑ,ɡ_m,34
2825,ɑ,t_w,1
2826,ɑ,w_h,7
2827,ɑ,dʒ_θ,11
2828,ɑ,w_θ,1
2829,ɑ,h_f,5
2830,ɑ,h_ŋ,1
2831,ɑ,j_ŋ,1
2832,ɑ,tʃ_d,3
2833,ɑ,k_d,11
2834,ɑ,θ_ɡ,2
2835,ɑ,θ_l,4
2836,ɑ,n_dʒ,1
2837,ɑ,v_ɾ,1
2838,ɑ,k_dʒ,2
2839,ɑ,tʃ_ɾ,1
2840,ɑ,l_ʒ,2
2841,ɑ,h_d,1
2842,ɑ,ɡ_h,1
2843,ɑ,t_j,3
2844,ɑ,ɹ_ð,2
2845,ɑ,ʃ_b,2
2846,ɑ,θ_n,2
2847,ɑ,f_d,2
2848,ɑ,m_z,4
2849,ɑ,p_w,3
2850,ɑ,m_θ,4
2851,ɑ,f_h,2
2852,ɑ,ɹ_j,1
2853,ɑ,k_h,1
2854,ɑ,θ_t,3
2855,ɑ,d_v,3
2856,ɑ,d_j,3
2857,ɑ,dʒ_m,2
2858,ɑ,p_ŋ,2
2859,ɑ,w_b,10
2860,ɑ,ð_b,2
2861,ɑ,d_w,2
2862,ɑ,b_ʃ,2
2863,ɑ,n_z,1
2864,ɑ,j_t,4
2865,ɑ,dʒ_f,3
2866,ɑ,b_z,16
2867,ɑ,h_w,2
2868,ɑ,ŋ_ɾ,2
2869,ɑ,ð_s,1
2870,ɑ,ʃ_ɾ,1
2871,ɑ,j_k,2
2872,ɑ,b_p,1
2873,ɑ,b_j,1
2874,ɑ,ð_l,1
2875,ɑ,ɹ_w,1
2876,ɑ,w_ð,1
2877,ɑ,tʃ_z,1
2878,ɑ,tʃ_l,2
2879,ɑ,b_w,1
2880,ɑ,n_ð,1
2881,ɑ,z_t,1
2882,ɑ,m_ð,1
2883,ɑ,l_w,1
2884,ɑ,tʃ_m,1
2885,ɑ,ɾ_b,1
2886,ɑ,w_w,1
2887,ɑ,t_dʒ,1
2888,ɑ,d_h,1
2889,ɑ,ɡ_f,1
2890,ɑ,h_tʃ,1
2891,ɑ,tʃ_b,1
2892,ʌ,all,303775
2893,ʌ,h_,3848
2894,ʌ,ð_,58758
2895,ʌ,ŋ_,3165
2896,ʌ,n_,16897
2897,ʌ,b_,8600
2898,ʌ,w_,23143
2899,ʌ,v_,6428
2900,ʌ,ɹ_,21488
2901,ʌ,t_,15551
2902,ʌ,p_,4955
2903,ʌ,ʃ_,11449
2904,ʌ,d_,15640
2905,ʌ,z_,13877
2906,ʌ,l_,10940
2907,ʌ,s_,19109
2908,ʌ,m_,14882
2909,ʌ,k_,16773
2910,ʌ,j_,5517
2911,ʌ,f_,2357
2912,ʌ,ɡ_,1464
2913,ʌ,ɾ_,1946
2914,ʌ,dʒ_,2945
2915,ʌ,θ_,960
2916,ʌ,tʃ_,2619
2917,ʌ,ʒ_,739
2918,ʌ,_v,37706
2919,ʌ,_b,12481
2920,ʌ,_f,8644
2921,ʌ,_t,18392
2922,ʌ,_ɡ,7074
2923,ʌ,_n,68990
2924,ʌ,_p,14490
2925,ʌ,_m,25113
2926,ʌ,_z,16789
2927,ʌ,_d,8785
2928,ʌ,_s,25021
2929,ʌ,_k,10796
2930,ʌ,_l,12228
2931,ʌ,_ɾ,1493
2932,ʌ,_θ,2398
2933,ʌ,_ð,4063
2934,ʌ,_ŋ,3134
2935,ʌ,_j,1028
2936,ʌ,_ɹ,4740
2937,ʌ,_tʃ,4190
2938,ʌ,_w,6659
2939,ʌ,_h,4451
2940,ʌ,_ʃ,1946
2941,ʌ,_dʒ,1778
2942,ʌ,_ʒ,3
2943,ʌ,h_v,1118
2944,ʌ,ð_b,3582
2945,ʌ,ŋ_v,945
2946,ʌ,n_f,906
2947,ʌ,b_t,6797
2948,ʌ,w_t,3080
2949,ʌ,v_p,294
2950,ʌ,ɹ_m,5020
2951,ʌ,w_z,14059
2952,ʌ,ð_d,3042
2953,ʌ,ɹ_s,1682
2954,ʌ,t_b,764
2955,ʌ,b_v,338
2956,ʌ,ð_p,4575
2957,ʌ,p_z,761
2958,ʌ,ʃ_n,9898
2959,ʌ,d_k,659
2960,ʌ,t_v,4597
2961,ʌ,z_ɡ,426
2962,ʌ,ð_s,7727
2963,ʌ,l_t,431
2964,ʌ,w_n,5875
2965,ʌ,s_n,3422
2966,ʌ,n_p,713
2967,ʌ,ɹ_n,3536
2968,ʌ,s_v,3726
2969,ʌ,ð_l,3185
2970,ʌ,l_v,2666
2971,ʌ,v_v,227
2972,ʌ,v_k,238
2973,ʌ,m_n,6517
2974,ʌ,ð_ɾ,416
2975,ʌ,n_θ,939
2976,ʌ,k_p,535
2977,ʌ,ð_θ,630
2978,ʌ,j_ɾ,49
2979,ʌ,s_p,1200
2980,ʌ,ð_k,4949
2981,ʌ,k_n,5783
2982,ʌ,t_d,394
2983,ʌ,j_ŋ,888
2984,ʌ,d_z,558
2985,ʌ,ɹ_t,795
2986,ʌ,d_p,1209
2987,ʌ,k_m,4629
2988,ʌ,ð_f,4039
2989,ʌ,s_m,3901
2990,ʌ,z_n,3535
2991,ʌ,s_j,9
2992,ʌ,n_d,345
2993,ʌ,ð_ɹ,3052
2994,ʌ,n_v,3757
2995,ʌ,v_ɡ,132
2996,ʌ,t_p,1207
2997,ʌ,t_n,3170
2998,ʌ,l_n,2607
2999,ʌ,ʃ_s,720
3000,ʌ,z_s,513
3001,ʌ,m_tʃ,1321
3002,ʌ,ð_m,4348
3003,ʌ,f_n,759
3004,ʌ,z_v,4397
3005,ʌ,z_t,262
3006,ʌ,ð_n,3766
3007,ʌ,v_t,234
3008,ʌ,l_p,425
3009,ʌ,ð_w,3410
3010,ʌ,ŋ_n,277
3011,ʌ,t_w,801
3012,ʌ,k_j,15
3013,ʌ,d_v,3046
3014,ʌ,ɹ_v,2939
3015,ʌ,ð_tʃ,758
3016,ʌ,ŋ_f,89
3017,ʌ,d_ɡ,500
3018,ʌ,s_l,770
3019,ʌ,l_b,383
3020,ʌ,l_s,1428
3021,ʌ,z_k,372
3022,ʌ,ɹ_b,1320
3023,ʌ,z_l,657
3024,ʌ,s_ɡ,207
3025,ʌ,ɡ_n,673
3026,ʌ,n_b,623
3027,ʌ,t_ɡ,872
3028,ʌ,h_n,710
3029,ʌ,l_ŋ,182
3030,ʌ,d_n,4506
3031,ʌ,m_l,362
3032,ʌ,l_d,383
3033,ʌ,v_n,3047
3034,ʌ,d_ð,142
3035,ʌ,ɹ_k,839
3036,ʌ,ð_v,998
3037,ʌ,ð_t,2744
3038,ʌ,t_m,774
3039,ʌ,k_z,811
3040,ʌ,n_s,2799
3041,ʌ,z_ɹ,159
3042,ʌ,m_d,223
3043,ʌ,l_m,633
3044,ʌ,ŋ_l,173
3045,ʌ,s_k,540
3046,ʌ,ɾ_m,240
3047,ʌ,f_s,218
3048,ʌ,s_f,625
3049,ʌ,m_b,166
3050,ʌ,s_b,907
3051,ʌ,ŋ_h,40
3052,ʌ,t_k,487
3053,ʌ,k_s,450
3054,ʌ,m_v,1139
3055,ʌ,n_ʃ,85
3056,ʌ,k_l,915
3057,ʌ,ɹ_l,437
3058,ʌ,k_b,374
3059,ʌ,ð_h,2993
3060,ʌ,ð_ɡ,2380
3061,ʌ,dʒ_s,1352
3062,ʌ,n_n,1691
3063,ʌ,ŋ_ɡ,145
3064,ʌ,n_ð,854
3065,ʌ,ð_j,767
3066,ʌ,θ_v,387
3067,ʌ,z_w,220
3068,ʌ,dʒ_m,104
3069,ʌ,ɾ_v,727
3070,ʌ,dʒ_v,424
3071,ʌ,p_s,317
3072,ʌ,d_l,609
3073,ʌ,ɹ_d,666
3074,ʌ,p_n,1714
3075,ʌ,dʒ_n,654
3076,ʌ,d_h,188
3077,ʌ,z_h,135
3078,ʌ,d_t,256
3079,ʌ,z_m,744
3080,ʌ,m_s,1861
3081,ʌ,ð_ʃ,658
3082,ʌ,j_ɹ,609
3083,ʌ,ʃ_t,122
3084,ʌ,ɹ_tʃ,37
3085,ʌ,h_d,1190
3086,ʌ,ŋ_b,318
3087,ʌ,k_v,1500
3088,ʌ,tʃ_n,1071
3089,ʌ,ɾ_n,61
3090,ʌ,t_ʃ,57
3091,ʌ,ʃ_l,368
3092,ʌ,l_k,418
3093,ʌ,j_n,1683
3094,ʌ,m_w,106
3095,ʌ,ɹ_θ,46
3096,ʌ,ɹ_f,688
3097,ʌ,f_v,294
3098,ʌ,s_s,1305
3099,ʌ,ɹ_ɡ,555
3100,ʌ,ɹ_dʒ,108
3101,ʌ,v_w,105
3102,ʌ,p_b,420
3103,ʌ,s_d,492
3104,ʌ,ʒ_n,709
3105,ʌ,l_ʃ,157
3106,ʌ,h_s,264
3107,ʌ,b_n,518
3108,ʌ,ɹ_ð,459
3109,ʌ,s_tʃ,1366
3110,ʌ,ŋ_s,131
3111,ʌ,z_p,670
3112,ʌ,v_tʃ,35
3113,ʌ,k_tʃ,20
3114,ʌ,b_ɾ,116
3115,ʌ,t_h,125
3116,ʌ,n_w,344
3117,ʌ,k_ɡ,290
3118,ʌ,n_ɡ,335
3119,ʌ,z_f,316
3120,ʌ,d_b,731
3121,ʌ,tʃ_m,63
3122,ʌ,l_f,163
3123,ʌ,dʒ_b,48
3124,ʌ,p_l,439
3125,ʌ,t_f,388
3126,ʌ,z_b,832
3127,ʌ,tʃ_s,87
3128,ʌ,ɾ_b,254
3129,ʌ,z_d,235
3130,ʌ,ʃ_v,119
3131,ʌ,d_m,1008
3132,ʌ,s_t,72
3133,ʌ,d_s,681
3134,ʌ,n_ɹ,104
3135,ʌ,tʃ_k,149
3136,ʌ,tʃ_ɡ,42
3137,ʌ,ŋ_dʒ,11
3138,ʌ,f_l,488
3139,ʌ,t_ŋ,150
3140,ʌ,m_t,361
3141,ʌ,m_ʃ,122
3142,ʌ,t_l,487
3143,ʌ,v_s,406
3144,ʌ,k_h,57
3145,ʌ,f_t,53
3146,ʌ,n_t,871
3147,ʌ,m_ɾ,72
3148,ʌ,j_h,51
3149,ʌ,s_ŋ,63
3150,ʌ,v_f,179
3151,ʌ,k_ʃ,68
3152,ʌ,n_tʃ,38
3153,ʌ,l_l,120
3154,ʌ,ɹ_h,161
3155,ʌ,f_ʃ,5
3156,ʌ,z_ʃ,46
3157,ʌ,k_d,105
3158,ʌ,d_ɹ,130
3159,ʌ,m_k,204
3160,ʌ,h_ð,1
3161,ʌ,f_d,37
3162,ʌ,h_ŋ,220
3163,ʌ,t_tʃ,280
3164,ʌ,t_θ,45
3165,ʌ,k_t,381
3166,ʌ,t_ð,62
3167,ʌ,ŋ_p,501
3168,ʌ,w_ɹ,61
3169,ʌ,v_h,128
3170,ʌ,j_ð,47
3171,ʌ,d_d,256
3172,ʌ,ɹ_p,1044
3173,ʌ,m_h,50
3174,ʌ,t_s,451
3175,ʌ,n_k,559
3176,ʌ,ɹ_w,264
3177,ʌ,t_ɹ,76
3178,ʌ,d_w,390
3179,ʌ,m_ɡ,175
3180,ʌ,ɹ_ŋ,204
3181,ʌ,k_w,101
3182,ʌ,s_dʒ,216
3183,ʌ,m_p,280
3184,ʌ,f_m,127
3185,ʌ,j_s,776
3186,ʌ,ð_dʒ,667
3187,ʌ,p_ɡ,94
3188,ʌ,b_k,100
3189,ʌ,tʃ_ʃ,13
3190,ʌ,tʃ_v,306
3191,ʌ,ɹ_ʃ,392
3192,ʌ,v_b,213
3193,ʌ,n_l,372
3194,ʌ,p_d,86
3195,ʌ,m_m,131
3196,ʌ,tʃ_b,74
3197,ʌ,k_ŋ,207
3198,ʌ,m_f,133
3199,ʌ,ŋ_m,89
3200,ʌ,v_m,206
3201,ʌ,p_ŋ,27
3202,ʌ,ŋ_ʃ,23
3203,ʌ,z_θ,38
3204,ʌ,tʃ_h,17
3205,ʌ,h_m,129
3206,ʌ,d_f,253
3207,ʌ,p_t,155
3208,ʌ,b_b,233
3209,ʌ,v_l,540
3210,ʌ,θ_d,96
3211,ʌ,h_b,27
3212,ʌ,tʃ_p,91
3213,ʌ,n_dʒ,52
3214,ʌ,m_ŋ,561
3215,ʌ,v_d,143
3216,ʌ,m_ð,780
3217,ʌ,p_p,66
3218,ʌ,t_t,267
3219,ʌ,n_m,1029
3220,ʌ,dʒ_ŋ,32
3221,ʌ,ɹ_ɾ,49
3222,ʌ,f_ŋ,41
3223,ʌ,j_l,386
3224,ʌ,ɾ_s,159
3225,ʌ,tʃ_f,63
3226,ʌ,j_w,54
3227,ʌ,l_z,54
3228,ʌ,ŋ_w,107
3229,ʌ,z_tʃ,55
3230,ʌ,l_dʒ,157
3231,ʌ,ɡ_s,157
3232,ʌ,j_θ,43
3233,ʌ,ɹ_ɹ,44
3234,ʌ,ʃ_b,14
3235,ʌ,v_ʃ,27
3236,ʌ,ɡ_z,19
3237,ʌ,ð_z,33
3238,ʌ,ɾ_h,18
3239,ʌ,j_m,254
3240,ʌ,ɾ_k,29
3241,ʌ,ɾ_ð,24
3242,ʌ,p_v,461
3243,ʌ,ɾ_w,25
3244,ʌ,m_θ,44
3245,ʌ,θ_n,159
3246,ʌ,ɹ_z,56
3247,ʌ,k_ɾ,54
3248,ʌ,z_ð,67
3249,ʌ,f_ɾ,2
3250,ʌ,l_ɡ,183
3251,ʌ,n_h,174
3252,ʌ,ɾ_l,110
3253,ʌ,s_ð,83
3254,ʌ,f_w,25
3255,ʌ,v_ð,69
3256,ʌ,tʃ_ð,202
3257,ʌ,ɡ_v,310
3258,ʌ,ɾ_ʃ,7
3259,ʌ,j_f,19
3260,ʌ,l_ð,55
3261,ʌ,ð_ð,21
3262,ʌ,ɾ_t,39
3263,ʌ,j_t,77
3264,ʌ,ŋ_k,101
3265,ʌ,h_z,12
3266,ʌ,l_ɾ,110
3267,ʌ,p_θ,151
3268,ʌ,ŋ_d,58
3269,ʌ,b_d,52
3270,ʌ,dʒ_ɡ,21
3271,ʌ,ɡ_t,85
3272,ʌ,k_ð,36
3273,ʌ,v_j,26
3274,ʌ,m_z,48
3275,ʌ,ŋ_θ,11
3276,ʌ,ɡ_l,86
3277,ʌ,b_ɹ,18
3278,ʌ,p_m,39
3279,ʌ,m_dʒ,126
3280,ʌ,l_w,109
3281,ʌ,ɡ_b,34
3282,ʌ,z_dʒ,57
3283,ʌ,z_ŋ,55
3284,ʌ,d_ʃ,56
3285,ʌ,θ_ɹ,61
3286,ʌ,z_z,4
3287,ʌ,k_θ,54
3288,ʌ,ʃ_p,34
3289,ʌ,f_k,39
3290,ʌ,m_j,5
3291,ʌ,d_ɾ,20
3292,ʌ,k_f,90
3293,ʌ,ɾ_ɡ,49
3294,ʌ,d_j,23
3295,ʌ,k_ɹ,32
3296,ʌ,j_z,134
3297,ʌ,j_k,41
3298,ʌ,n_ɾ,63
3299,ʌ,ʃ_k,6
3300,ʌ,p_ɾ,16
3301,ʌ,t_j,27
3302,ʌ,d_θ,71
3303,ʌ,p_k,45
3304,ʌ,v_ɾ,9
3305,ʌ,θ_p,29
3306,ʌ,b_s,61
3307,ʌ,dʒ_dʒ,172
3308,ʌ,θ_θ,3
3309,ʌ,b_f,54
3310,ʌ,tʃ_z,118
3311,ʌ,m_ɹ,24
3312,ʌ,ɾ_ʒ,3
3313,ʌ,b_l,93
3314,ʌ,l_h,52
3315,ʌ,t_z,9
3316,ʌ,p_h,14
3317,ʌ,θ_k,9
3318,ʌ,θ_m,75
3319,ʌ,tʃ_t,41
3320,ʌ,θ_ɡ,29
3321,ʌ,ɾ_z,16
3322,ʌ,d_dʒ,36
3323,ʌ,p_w,29
3324,ʌ,w_ð,3
3325,ʌ,w_f,1
3326,ʌ,tʃ_l,110
3327,ʌ,tʃ_w,47
3328,ʌ,d_ŋ,118
3329,ʌ,l_ɹ,21
3330,ʌ,f_ɹ,31
3331,ʌ,v_ŋ,19
3332,ʌ,ɡ_k,3
3333,ʌ,ɾ_p,36
3334,ʌ,v_dʒ,41
3335,ʌ,ɾ_f,41
3336,ʌ,s_ɾ,36
3337,ʌ,dʒ_k,6
3338,ʌ,ŋ_ð,25
3339,ʌ,l_tʃ,52
3340,ʌ,dʒ_ɾ,3
3341,ʌ,v_θ,38
3342,ʌ,ŋ_t,61
3343,ʌ,w_ŋ,30
3344,ʌ,k_k,110
3345,ʌ,ɡ_ʃ,7
3346,ʌ,f_ɡ,40
3347,ʌ,l_θ,28
3348,ʌ,n_j,28
3349,ʌ,tʃ_d,29
3350,ʌ,n_ŋ,29
3351,ʌ,ʃ_d,31
3352,ʌ,f_f,24
3353,ʌ,t_ɾ,19
3354,ʌ,d_tʃ,111
3355,ʌ,k_dʒ,24
3356,ʌ,s_w,57
3357,ʌ,tʃ_θ,30
3358,ʌ,b_ɡ,29
3359,ʌ,ʃ_ɾ,19
3360,ʌ,l_j,12
3361,ʌ,n_z,28
3362,ʌ,dʒ_d,25
3363,ʌ,tʃ_tʃ,9
3364,ʌ,s_ʃ,11
3365,ʌ,h_t,61
3366,ʌ,h_ʃ,23
3367,ʌ,dʒ_t,8
3368,ʌ,dʒ_l,14
3369,ʌ,s_ɹ,24
3370,ʌ,h_k,11
3371,ʌ,ŋ_ŋ,16
3372,ʌ,ʃ_w,8
3373,ʌ,p_ɹ,19
3374,ʌ,b_z,24
3375,ʌ,b_ŋ,24
3376,ʌ,ɡ_m,16
3377,ʌ,v_ɹ,55
3378,ʌ,ʃ_m,6
3379,ʌ,ɡ_w,1
3380,ʌ,b_θ,96
3381,ʌ,ɹ_j,11
3382,ʌ,t_dʒ,17
3383,ʌ,p_ʃ,19
3384,ʌ,ŋ_tʃ,13
3385,ʌ,b_m,21
3386,ʌ,ŋ_ɹ,25
3387,ʌ,ʃ_f,14
3388,ʌ,h_l,57
3389,ʌ,dʒ_p,41
3390,ʌ,ɾ_d,44
3391,ʌ,z_ɾ,20
3392,ʌ,ʃ_dʒ,1
3393,ʌ,dʒ_θ,4
3394,ʌ,θ_t,7
3395,ʌ,θ_s,35
3396,ʌ,z_j,41
3397,ʌ,j_ɡ,3
3398,ʌ,p_ð,7
3399,ʌ,ɾ_dʒ,10
3400,ʌ,dʒ_ð,4
3401,ʌ,s_h,30
3402,ʌ,s_θ,16
3403,ʌ,θ_b,13
3404,ʌ,j_b,33
3405,ʌ,f_b,51
3406,ʌ,j_p,41
3407,ʌ,f_dʒ,4
3408,ʌ,dʒ_h,6
3409,ʌ,f_p,78
3410,ʌ,ʒ_s,2
3411,ʌ,dʒ_w,6
3412,ʌ,ʃ_ð,7
3413,ʌ,f_j,2
3414,ʌ,w_m,2
3415,ʌ,tʃ_ɹ,25
3416,ʌ,ɡ_ɾ,11
3417,ʌ,ʃ_h,17
3418,ʌ,ɡ_ŋ,7
3419,ʌ,ɡ_tʃ,8
3420,ʌ,p_f,38
3421,ʌ,f_ð,2
3422,ʌ,ʒ_v,3
3423,ʌ,ɡ_d,7
3424,ʌ,b_h,4
3425,ʌ,ʒ_w,1
3426,ʌ,h_tʃ,5
3427,ʌ,f_h,9
3428,ʌ,ɾ_j,3
3429,ʌ,tʃ_ŋ,13
3430,ʌ,dʒ_z,2
3431,ʌ,dʒ_ʃ,1
3432,ʌ,ʃ_z,7
3433,ʌ,ɾ_tʃ,9
3434,ʌ,w_w,5
3435,ʌ,w_s,2
3436,ʌ,ɡ_p,4
3437,ʌ,dʒ_ɹ,4
3438,ʌ,j_j,1
3439,ʌ,tʃ_dʒ,6
3440,ʌ,θ_f,5
3441,ʌ,θ_l,16
3442,ʌ,ɡ_ɹ,5
3443,ʌ,ð_ŋ,4
3444,ʌ,w_l,3
3445,ʌ,w_b,1
3446,ʌ,w_h,5
3447,ʌ,w_k,3
3448,ʌ,ʒ_ð,1
3449,ʌ,b_p,5
3450,ʌ,ʃ_ɡ,6
3451,ʌ,b_ð,3
3452,ʌ,f_θ,6
3453,ʌ,ʒ_p,1
3454,ʌ,ʃ_ŋ,2
3455,ʌ,ɾ_ɹ,3
3456,ʌ,ʃ_j,2
3457,ʌ,ɾ_θ,6
3458,ʌ,ʃ_ɹ,2
3459,ʌ,θ_h,7
3460,ʌ,θ_ʃ,3
3461,ʌ,ʒ_m,3
3462,ʌ,j_d,10
3463,ʌ,ŋ_ɾ,4
3464,ʌ,w_ɾ,5
3465,ʌ,ɡ_ɡ,2
3466,ʌ,θ_w,8
3467,ʌ,ʒ_f,2
3468,ʌ,h_ɡ,7
3469,ʌ,j_ʃ,6
3470,ʌ,v_z,4
3471,ʌ,f_z,2
3472,ʌ,ɡ_h,2
3473,ʌ,h_p,2
3474,ʌ,b_dʒ,1
3475,ʌ,θ_z,1
3476,ʌ,dʒ_f,3
3477,ʌ,ʒ_h,1
3478,ʌ,θ_ð,2
3479,ʌ,j_dʒ,1
3480,ʌ,θ_tʃ,2
3481,ʌ,f_tʃ,4
3482,ʌ,ŋ_j,2
3483,ʌ,p_dʒ,3
3484,ʌ,ɡ_θ,11
3485,ʌ,p_tʃ,1
3486,ʌ,θ_ŋ,3
3487,ʌ,tʃ_j,4
3488,ʌ,h_ɹ,6
3489,ʌ,ʒ_dʒ,1
3490,ʌ,tʃ_ɾ,1
3491,ʌ,w_d,1
3492,ʌ,p_j,2
3493,ʌ,b_tʃ,2
3494,ʌ,ɡ_f,3
3495,ʌ,ɡ_ð,1
3496,ʌ,j_tʃ,1
3497,ʌ,ɡ_dʒ,1
3498,ʌ,s_z,1
3499,ʌ,ʃ_θ,1
3500,ʌ,ɾ_ŋ,1
3501,ʌ,b_w,1
3502,ʌ,h_w,1
3503,ʌ,ʃ_ʃ,1
3504,oʊ,all,48906
3505,oʊ,t_,2343
3506,oʊ,k_,1279
3507,oʊ,s_,5859
3508,oʊ,l_,4343
3509,oʊ,ð_,1971
3510,oʊ,h_,2658
3511,oʊ,ɡ_,2465
3512,oʊ,m_,3149
3513,oʊ,n_,7077
3514,oʊ,ɹ_,5542
3515,oʊ,z_,1141
3516,oʊ,d_,2465
3517,oʊ,b_,1279
3518,oʊ,ŋ_,284
3519,oʊ,w_,332
3520,oʊ,tʃ_,194
3521,oʊ,p_,1682
3522,oʊ,ʃ_,818
3523,oʊ,f_,390
3524,oʊ,v_,409
3525,oʊ,dʒ_,242
3526,oʊ,ɾ_,166
3527,oʊ,θ_,64
3528,oʊ,j_,79
3529,oʊ,_l,6627
3530,oʊ,_n,6451
3531,oʊ,_v,2316
3532,oʊ,_k,1898
3533,oʊ,_m,2950
3534,oʊ,_z,3540
3535,oʊ,_w,1336
3536,oʊ,_d,1834
3537,oʊ,_ð,1561
3538,oʊ,_s,3536
3539,oʊ,_t,1607
3540,oʊ,_b,1343
3541,oʊ,_θ,671
3542,oʊ,_p,1979
3543,oʊ,_h,1243
3544,oʊ,_ɹ,610
3545,oʊ,_f,781
3546,oʊ,_ʃ,800
3547,oʊ,_j,343
3548,oʊ,_tʃ,349
3549,oʊ,_ɾ,683
3550,oʊ,_ɡ,314
3551,oʊ,_dʒ,132
3552,oʊ,_ʒ,38
3553,oʊ,t_l,813
3554,oʊ,k_v,87
3555,oʊ,s_k,197
3556,oʊ,l_m,64
3557,oʊ,t_n,778
3558,oʊ,s_m,455
3559,oʊ,ð_z,932
3560,oʊ,s_w,247
3561,oʊ,h_m,671
3562,oʊ,l_w,105
3563,oʊ,s_d,180
3564,oʊ,m_m,675
3565,oʊ,n_ð,297
3566,oʊ,ɡ_z,75
3567,oʊ,m_s,1466
3568,oʊ,z_n,683
3569,oʊ,ð_w,48
3570,oʊ,l_n,533
3571,oʊ,h_l,1232
3572,oʊ,ɡ_t,188
3573,oʊ,d_n,1090
3574,oʊ,n_d,234
3575,oʊ,m_b,21
3576,oʊ,s_ð,498
3577,oʊ,ɡ_b,80
3578,oʊ,b_θ,449
3579,oʊ,ɹ_t,244
3580,oʊ,s_l,792
3581,oʊ,n_p,251
3582,oʊ,h_t,90
3583,oʊ,l_z,411
3584,oʊ,n_k,164
3585,oʊ,n_m,474
3586,oʊ,ŋ_v,180
3587,oʊ,s_p,163
3588,oʊ,s_h,277
3589,oʊ,s_b,215
3590,oʊ,ɹ_n,972
3591,oʊ,n_ɹ,192
3592,oʊ,n_t,253
3593,oʊ,d_v,251
3594,oʊ,ɹ_d,459
3595,oʊ,ɹ_z,622
3596,oʊ,n_f,171
3597,oʊ,n_ʃ,92
3598,oʊ,n_l,465
3599,oʊ,t_j,3
3600,oʊ,w_n,181
3601,oʊ,ɹ_tʃ,242
3602,oʊ,tʃ_k,29
3603,oʊ,ɹ_k,430
3604,oʊ,n_n,639
3605,oʊ,b_t,201
3606,oʊ,ɡ_h,62
3607,oʊ,n_w,615
3608,oʊ,p_k,313
3609,oʊ,d_z,181
3610,oʊ,t_v,237
3611,oʊ,ŋ_p,19
3612,oʊ,z_l,139
3613,oʊ,d_j,12
3614,oʊ,k_l,364
3615,oʊ,ʃ_l,211
3616,oʊ,n_s,337
3617,oʊ,l_d,441
3618,oʊ,d_w,47
3619,oʊ,ð_m,25
3620,oʊ,m_l,79
3621,oʊ,d_p,106
3622,oʊ,ð_f,15
3623,oʊ,ð_h,158
3624,oʊ,z_v,168
3625,oʊ,ð_ð,180
3626,oʊ,s_n,223
3627,oʊ,p_s,153
3628,oʊ,k_k,27
3629,oʊ,n_ɾ,287
3630,oʊ,n_b,410
3631,oʊ,b_s,46
3632,oʊ,m_n,118
3633,oʊ,l_b,95
3634,oʊ,p_v,24
3635,oʊ,f_k,91
3636,oʊ,ʃ_n,89
3637,oʊ,z_p,78
3638,oʊ,m_v,82
3639,oʊ,l_s,413
3640,oʊ,s_f,326
3641,oʊ,t_t,7
3642,oʊ,h_p,532
3643,oʊ,k_d,47
3644,oʊ,p_z,746
3645,oʊ,f_n,59
3646,oʊ,ɹ_l,507
3647,oʊ,n_z,238
3648,oʊ,s_s,361
3649,oʊ,v_n,36
3650,oʊ,ʃ_d,155
3651,oʊ,d_ð,32
3652,oʊ,l_h,124
3653,oʊ,ð_j,20
3654,oʊ,k_w,24
3655,oʊ,s_v,134
3656,oʊ,s_θ,31
3657,oʊ,k_t,182
3658,oʊ,s_ɡ,122
3659,oʊ,n_h,312
3660,oʊ,p_n,105
3661,oʊ,ɹ_v,315
3662,oʊ,ð_n,64
3663,oʊ,k_h,16
3664,oʊ,s_ʃ,230
3665,oʊ,n_j,97
3666,oʊ,h_s,68
3667,oʊ,v_k,51
3668,oʊ,ð_ʃ,69
3669,oʊ,ʃ_h,36
3670,oʊ,l_ɡ,28
3671,oʊ,dʒ_k,49
3672,oʊ,ɹ_s,153
3673,oʊ,z_ʃ,1
3674,oʊ,m_ɾ,119
3675,oʊ,m_k,126
3676,oʊ,ð_k,20
3677,oʊ,s_ɹ,117
3678,oʊ,s_t,138
3679,oʊ,ɹ_p,181
3680,oʊ,t_d,45
3681,oʊ,ɹ_dʒ,6
3682,oʊ,p_l,155
3683,oʊ,l_p,126
3684,oʊ,m_dʒ,7
3685,oʊ,l_ɾ,54
3686,oʊ,v_v,17
3687,oʊ,t_ɾ,46
3688,oʊ,ɹ_ɹ,23
3689,oʊ,n_v,180
3690,oʊ,b_v,6
3691,oʊ,ɡ_f,59
3692,oʊ,ʃ_z,32
3693,oʊ,k_ɾ,11
3694,oʊ,l_k,192
3695,oʊ,d_d,32
3696,oʊ,l_t,74
3697,oʊ,ɹ_ʃ,34
3698,oʊ,ð_v,6
3699,oʊ,m_ʃ,228
3700,oʊ,ð_b,20
3701,oʊ,b_h,45
3702,oʊ,l_v,152
3703,oʊ,v_p,14
3704,oʊ,f_l,142
3705,oʊ,l_ɹ,181
3706,oʊ,l_ð,296
3707,oʊ,ɹ_j,17
3708,oʊ,t_p,51
3709,oʊ,s_dʒ,41
3710,oʊ,dʒ_v,26
3711,oʊ,ð_t,20
3712,oʊ,b_d,31
3713,oʊ,p_t,11
3714,oʊ,b_b,59
3715,oʊ,d_t,22
3716,oʊ,ɡ_s,108
3717,oʊ,h_z,6
3718,oʊ,ɹ_m,309
3719,oʊ,ɹ_w,65
3720,oʊ,b_k,7
3721,oʊ,d_b,35
3722,oʊ,d_s,61
3723,oʊ,ɡ_l,305
3724,oʊ,k_tʃ,37
3725,oʊ,l_l,208
3726,oʊ,ŋ_f,1
3727,oʊ,d_h,31
3728,oʊ,p_p,24
3729,oʊ,ɹ_b,144
3730,oʊ,ɡ_θ,17
3731,oʊ,l_f,75
3732,oʊ,d_l,142
3733,oʊ,l_j,20
3734,oʊ,m_d,67
3735,oʊ,f_d,4
3736,oʊ,m_p,9
3737,oʊ,k_f,14
3738,oʊ,d_m,57
3739,oʊ,b_p,29
3740,oʊ,ɹ_f,56
3741,oʊ,ʃ_ð,48
3742,oʊ,k_s,166
3743,oʊ,ɹ_ɾ,12
3744,oʊ,ɡ_p,11
3745,oʊ,ð_ɹ,8
3746,oʊ,v_ɾ,80
3747,oʊ,h_h,7
3748,oʊ,s_ɾ,4
3749,oʊ,dʒ_n,23
3750,oʊ,ɡ_m,26
3751,oʊ,ɾ_b,14
3752,oʊ,ʃ_m,21
3753,oʊ,ð_l,11
3754,oʊ,ɡ_ð,62
3755,oʊ,t_b,130
3756,oʊ,ɾ_k,4
3757,oʊ,v_t,60
3758,oʊ,m_t,61
3759,oʊ,k_z,37
3760,oʊ,v_l,80
3761,oʊ,ɡ_v,4
3762,oʊ,ɡ_k,16
3763,oʊ,d_θ,4
3764,oʊ,k_m,36
3765,oʊ,ɾ_z,29
3766,oʊ,dʒ_l,14
3767,oʊ,n_θ,22
3768,oʊ,b_n,94
3769,oʊ,ʃ_w,9
3770,oʊ,f_ɾ,26
3771,oʊ,h_k,3
3772,oʊ,tʃ_v,26
3773,oʊ,t_m,24
3774,oʊ,ɹ_θ,48
3775,oʊ,tʃ_z,89
3776,oʊ,n_dʒ,22
3777,oʊ,b_l,169
3778,oʊ,ʃ_ɹ,2
3779,oʊ,s_j,77
3780,oʊ,t_ʃ,7
3781,oʊ,b_ð,6
3782,oʊ,t_h,14
3783,oʊ,m_z,6
3784,oʊ,ŋ_n,24
3785,oʊ,ɹ_h,55
3786,oʊ,s_tʃ,12
3787,oʊ,ɹ_ɡ,36
3788,oʊ,z_θ,7
3789,oʊ,ɡ_d,48
3790,oʊ,ɡ_ɹ,20
3791,oʊ,l_ʃ,14
3792,oʊ,d_ʃ,14
3793,oʊ,n_ɡ,80
3794,oʊ,ɹ_ð,55
3795,oʊ,ɡ_w,87
3796,oʊ,z_ɡ,1
3797,oʊ,k_p,39
3798,oʊ,ŋ_l,25
3799,oʊ,ŋ_dʒ,1
3800,oʊ,z_m,9
3801,oʊ,dʒ_f,3
3802,oʊ,m_j,3
3803,oʊ,w_m,1
3804,oʊ,ð_s,37
3805,oʊ,w_ð,3
3806,oʊ,θ_m,1
3807,oʊ,n_tʃ,33
3808,oʊ,p_ʒ,16
3809,oʊ,w_k,37
3810,oʊ,d_ɡ,5
3811,oʊ,ʃ_v,30
3812,oʊ,ɡ_j,14
3813,oʊ,ð_p,22
3814,oʊ,v_ʃ,23
3815,oʊ,w_t,18
3816,oʊ,l_ʒ,20
3817,oʊ,w_d,1
3818,oʊ,d_ɾ,3
3819,oʊ,dʒ_s,70
3820,oʊ,ʃ_f,9
3821,oʊ,j_k,20
3822,oʊ,m_θ,2
3823,oʊ,d_ɹ,14
3824,oʊ,t_ð,11
3825,oʊ,j_l,8
3826,oʊ,k_ð,9
3827,oʊ,ð_ɡ,5
3828,oʊ,v_θ,1
3829,oʊ,t_w,9
3830,oʊ,v_ɡ,2
3831,oʊ,ɾ_s,9
3832,oʊ,p_ɹ,1
3833,oʊ,ɾ_f,7
3834,oʊ,j_h,5
3835,oʊ,k_n,30
3836,oʊ,w_ɾ,7
3837,oʊ,m_ð,10
3838,oʊ,ɾ_ð,5
3839,oʊ,m_h,31
3840,oʊ,t_k,35
3841,oʊ,l_θ,15
3842,oʊ,j_s,11
3843,oʊ,f_m,21
3844,oʊ,ɡ_ɡ,5
3845,oʊ,z_t,2
3846,oʊ,d_f,13
3847,oʊ,ɡ_ʃ,21
3848,oʊ,l_dʒ,19
3849,oʊ,ɾ_p,16
3850,oʊ,p_tʃ,4
3851,oʊ,d_k,37
3852,oʊ,p_ɾ,2
3853,oʊ,θ_l,5
3854,oʊ,m_f,3
3855,oʊ,t_s,30
3856,oʊ,t_ɡ,7
3857,oʊ,ɡ_n,35
3858,oʊ,ɾ_d,5
3859,oʊ,ʃ_j,41
3860,oʊ,w_l,21
3861,oʊ,f_z,3
3862,oʊ,z_d,8
3863,oʊ,ɾ_w,10
3864,oʊ,ɾ_ɹ,8
3865,oʊ,ɾ_l,4
3866,oʊ,ɾ_h,4
3867,oʊ,p_ð,4
3868,oʊ,m_ɹ,2
3869,oʊ,ʃ_s,5
3870,oʊ,ɾ_t,2
3871,oʊ,b_z,30
3872,oʊ,v_h,2
3873,oʊ,tʃ_b,2
3874,oʊ,v_ð,1
3875,oʊ,k_b,14
3876,oʊ,v_d,5
3877,oʊ,f_θ,1
3878,oʊ,dʒ_ʃ,3
3879,oʊ,m_w,6
3880,oʊ,tʃ_p,2
3881,oʊ,f_v,14
3882,oʊ,dʒ_z,2
3883,oʊ,w_θ,36
3884,oʊ,tʃ_d,4
3885,oʊ,v_b,5
3886,oʊ,z_b,9
3887,oʊ,h_ɾ,28
3888,oʊ,f_s,1
3889,oʊ,tʃ_ð,3
3890,oʊ,tʃ_m,1
3891,oʊ,tʃ_ɡ,2
3892,oʊ,v_m,5
3893,oʊ,tʃ_h,4
3894,oʊ,f_b,3
3895,oʊ,tʃ_s,3
3896,oʊ,tʃ_w,1
3897,oʊ,t_z,22
3898,oʊ,w_v,15
3899,oʊ,θ_v,4
3900,oʊ,j_z,7
3901,oʊ,ɾ_dʒ,1
3902,oʊ,l_tʃ,9
3903,oʊ,ŋ_k,4
3904,oʊ,ɾ_n,4
3905,oʊ,b_w,12
3906,oʊ,ŋ_d,4
3907,oʊ,ð_dʒ,4
3908,oʊ,ʃ_p,4
3909,oʊ,k_ʃ,16
3910,oʊ,ʃ_t,1
3911,oʊ,ð_d,6
3912,oʊ,ʃ_ɡ,1
3913,oʊ,b_m,5
3914,oʊ,θ_p,4
3915,oʊ,j_m,7
3916,oʊ,dʒ_p,4
3917,oʊ,tʃ_n,9
3918,oʊ,tʃ_l,7
3919,oʊ,f_p,7
3920,oʊ,z_h,3
3921,oʊ,b_ɡ,3
3922,oʊ,n_ʒ,1
3923,oʊ,θ_n,4
3924,oʊ,f_h,2
3925,oʊ,v_s,5
3926,oʊ,w_z,3
3927,oʊ,h_j,2
3928,oʊ,f_ɹ,3
3929,oʊ,h_v,2
3930,oʊ,z_f,5
3931,oʊ,w_ɹ,1
3932,oʊ,dʒ_h,8
3933,oʊ,dʒ_dʒ,3
3934,oʊ,dʒ_w,5
3935,oʊ,p_w,2
3936,oʊ,p_ʃ,5
3937,oʊ,b_j,2
3938,oʊ,ʃ_b,2
3939,oʊ,dʒ_j,1
3940,oʊ,dʒ_ɹ,3
3941,oʊ,z_w,3
3942,oʊ,z_ð,2
3943,oʊ,p_b,3
3944,oʊ,ʃ_k,2
3945,oʊ,b_ʃ,4
3946,oʊ,z_j,3
3947,oʊ,dʒ_m,1
3948,oʊ,ŋ_j,1
3949,oʊ,v_dʒ,14
3950,oʊ,θ_t,4
3951,oʊ,t_ɹ,3
3952,oʊ,j_n,4
3953,oʊ,j_b,2
3954,oʊ,p_h,2
3955,oʊ,h_n,1
3956,oʊ,w_f,3
3957,oʊ,d_dʒ,4
3958,oʊ,ɾ_v,1
3959,oʊ,v_tʃ,1
3960,oʊ,b_f,4
3961,oʊ,s_z,2
3962,oʊ,dʒ_t,2
3963,oʊ,k_ɹ,5
3964,oʊ,ð_θ,2
3965,oʊ,b_ɹ,6
3966,oʊ,ɾ_ʃ,1
3967,oʊ,ɹ_ʒ,1
3968,oʊ,ŋ_ð,3
3969,oʊ,ŋ_t,10
3970,oʊ,k_j,2
3971,oʊ,ŋ_w,2
3972,oʊ,b_tʃ,3
3973,oʊ,ŋ_m,2
3974,oʊ,t_tʃ,1
3975,oʊ,t_f,4
3976,oʊ,p_dʒ,2
3977,oʊ,f_t,2
3978,oʊ,d_tʃ,1
3979,oʊ,ð_tʃ,1
3980,oʊ,k_dʒ,2
3981,oʊ,f_w,3
3982,oʊ,p_j,1
3983,oʊ,tʃ_t,1
3984,oʊ,j_ɹ,2
3985,oʊ,j_w,2
3986,oʊ,j_t,2
3987,oʊ,j_dʒ,1
3988,oʊ,p_f,1
3989,oʊ,ŋ_b,2
3990,oʊ,ŋ_s,1
3991,oʊ,dʒ_ð,2
3992,oʊ,θ_z,40
3993,oʊ,θ_j,1
3994,oʊ,dʒ_b,1
3995,oʊ,z_k,2
3996,oʊ,k_θ,21
3997,oʊ,w_b,1
3998,oʊ,k_ɡ,2
3999,oʊ,dʒ_d,2
4000,oʊ,ɾ_m,2
4001,oʊ,p_d,1
4002,oʊ,h_ʃ,1
4003,oʊ,b_dʒ,1
4004,oʊ,h_dʒ,1
4005,oʊ,h_d,1
4006,oʊ,p_ɡ,1
4007,oʊ,ʃ_tʃ,1
4008,oʊ,dʒ_tʃ,1
4009,oʊ,b_ɾ,1
4010,oʊ,w_h,1
4011,oʊ,h_ɡ,2
4012,oʊ,dʒ_ɡ,1
4013,oʊ,tʃ_ɹ,2
4014,oʊ,tʃ_f,1
4015,u,all,70736
4016,u,j_,16541
4017,u,t_,32100
4018,u,s_,1408
4019,u,ɹ_,5215
4020,u,l_,2205
4021,u,h_,3706
4022,u,n_,1990
4023,u,d_,2971
4024,u,m_,948
4025,u,w_,205
4026,u,dʒ_,799
4027,u,b_,163
4028,u,ʒ_,298
4029,u,tʃ_,772
4030,u,f_,305
4031,u,k_,405
4032,u,ʃ_,244
4033,u,θ_,76
4034,u,z_,97
4035,u,ɾ_,18
4036,u,ɡ_,100
4037,u,p_,143
4038,u,v_,7
4039,u,_l,3620
4040,u,_t,2718
4041,u,_s,5078
4042,u,_w,3013
4043,u,_b,3398
4044,u,_θ,988
4045,u,_m,5825
4046,u,_z,2247
4047,u,_f,1652
4048,u,_p,2364
4049,u,_ð,5707
4050,u,_k,2658
4051,u,_n,3726
4052,u,_ɡ,1489
4053,u,_ɹ,1568
4054,u,_h,4571
4055,u,_tʃ,300
4056,u,_d,3749
4057,u,_v,1221
4058,u,_ɾ,1053
4059,u,_dʒ,442
4060,u,_j,1218
4061,u,_ʒ,470
4062,u,_ʃ,823
4063,u,_ŋ,6
4064,u,j_l,554
4065,u,j_t,701
4066,u,t_s,2692
4067,u,t_w,960
4068,u,t_b,2674
4069,u,t_l,1056
4070,u,t_θ,279
4071,u,t_m,2289
4072,u,s_m,87
4073,u,j_z,1075
4074,u,t_f,994
4075,u,t_p,1282
4076,u,t_ð,4344
4077,u,j_k,609
4078,u,s_n,655
4079,u,j_w,1022
4080,u,ɹ_m,993
4081,u,t_n,562
4082,u,t_ɡ,1162
4083,u,t_ɹ,1176
4084,u,h_l,103
4085,u,l_z,141
4086,u,h_z,381
4087,u,t_h,2965
4088,u,h_tʃ,6
4089,u,ɹ_d,270
4090,u,n_t,45
4091,u,n_ð,163
4092,u,h_m,518
4093,u,j_d,869
4094,u,t_d,1737
4095,u,ɹ_v,332
4096,u,t_ɾ,33
4097,u,l_t,248
4098,u,t_tʃ,118
4099,u,d_ð,157
4100,u,d_k,91
4101,u,t_k,1476
4102,u,t_dʒ,159
4103,u,t_t,1024
4104,u,h_s,184
4105,u,j_m,1402
4106,u,d_j,366
4107,u,j_n,1104
4108,u,j_f,252
4109,u,ɹ_f,228
4110,u,j_tʃ,145
4111,u,j_h,682
4112,u,h_h,582
4113,u,j_ɾ,692
4114,u,h_w,583
4115,u,ɹ_ð,610
4116,u,m_ð,80
4117,u,d_s,451
4118,u,ɹ_ɾ,37
4119,u,j_b,322
4120,u,n_p,42
4121,u,d_ʒ,2
4122,u,m_v,624
4123,u,t_j,613
4124,u,w_n,176
4125,u,h_k,160
4126,u,n_m,103
4127,u,j_ɹ,211
4128,u,d_w,154
4129,u,j_ɡ,218
4130,u,dʒ_l,354
4131,u,d_p,31
4132,u,ɹ_l,264
4133,u,b_k,6
4134,u,j_s,1156
4135,u,j_ʒ,330
4136,u,ʒ_l,297
4137,u,h_f,68
4138,u,h_b,71
4139,u,ɹ_p,311
4140,u,t_ʃ,306
4141,u,ɹ_t,296
4142,u,d_f,37
4143,u,j_ð,243
4144,u,h_d,112
4145,u,h_t,58
4146,u,n_z,255
4147,u,f_d,159
4148,u,n_s,65
4149,u,d_t,78
4150,u,j_v,99
4151,u,tʃ_z,97
4152,u,ɹ_θ,301
4153,u,n_k,77
4154,u,s_t,149
4155,u,n_l,68
4156,u,d_ɾ,170
4157,u,n_n,274
4158,u,j_dʒ,223
4159,u,ɹ_n,60
4160,u,m_s,17
4161,u,k_l,327
4162,u,ʃ_t,39
4163,u,j_ʃ,297
4164,u,tʃ_l,312
4165,u,d_n,402
4166,u,ɹ_w,96
4167,u,l_d,257
4168,u,d_ɹ,26
4169,u,s_p,262
4170,u,n_w,99
4171,u,l_ʒ,125
4172,u,h_v,7
4173,u,j_θ,346
4174,u,θ_z,74
4175,u,ɹ_h,142
4176,u,n_j,95
4177,u,f_l,141
4178,u,s_d,58
4179,u,l_s,266
4180,u,b_m,21
4181,u,s_z,20
4182,u,n_h,97
4183,u,k_p,23
4184,u,dʒ_n,79
4185,u,ɹ_s,150
4186,u,dʒ_d,78
4187,u,j_p,264
4188,u,l_m,213
4189,u,n_θ,11
4190,u,l_ɾ,45
4191,u,s_ð,40
4192,u,ɹ_b,118
4193,u,h_p,105
4194,u,j_j,110
4195,u,z_m,87
4196,u,b_t,58
4197,u,m_n,172
4198,u,ɹ_tʃ,5
4199,u,l_ɡ,5
4200,u,t_v,101
4201,u,ʃ_z,59
4202,u,d_l,31
4203,u,ɾ_d,8
4204,u,d_d,33
4205,u,ɡ_k,2
4206,u,w_p,15
4207,u,n_v,23
4208,u,d_m,67
4209,u,dʒ_k,88
4210,u,h_ɹ,70
4211,u,s_s,2
4212,u,s_b,1
4213,u,ʃ_d,29
4214,u,l_ʃ,147
4215,u,d_h,65
4216,u,p_n,45
4217,u,dʒ_b,7
4218,u,n_ɡ,14
4219,u,b_s,9
4220,u,h_θ,18
4221,u,h_n,81
4222,u,tʃ_s,14
4223,u,h_ɡ,34
4224,u,n_dʒ,17
4225,u,n_d,62
4226,u,h_ð,30
4227,u,dʒ_v,7
4228,u,p_k,12
4229,u,m_d,49
4230,u,l_ð,20
4231,u,ɡ_b,4
4232,u,s_ɾ,46
4233,u,d_b,75
4234,u,f_n,3
4235,u,ɹ_z,70
4236,u,n_ɹ,33
4237,u,l_p,18
4238,u,t_z,27
4239,u,n_ʃ,16
4240,u,n_b,62
4241,u,l_b,52
4242,u,p_l,64
4243,u,l_dʒ,3
4244,u,l_k,86
4245,u,k_n,20
4246,u,dʒ_w,7
4247,u,dʒ_j,1
4248,u,dʒ_z,28
4249,u,ɹ_ɡ,23
4250,u,l_θ,8
4251,u,ɹ_dʒ,19
4252,u,l_w,73
4253,u,d_ɡ,20
4254,u,dʒ_h,3
4255,u,ɹ_k,42
4256,u,b_ɾ,8
4257,u,l_ɹ,6
4258,u,ʃ_m,8
4259,u,l_n,64
4260,u,ɹ_j,15
4261,u,h_j,12
4262,u,p_j,2
4263,u,n_f,57
4264,u,v_d,1
4265,u,dʒ_s,13
4266,u,ɹ_ɹ,29
4267,u,l_h,25
4268,u,ʃ_ɾ,19
4269,u,h_ʃ,43
4270,u,dʒ_p,7
4271,u,dʒ_ɡ,13
4272,u,b_n,5
4273,u,s_dʒ,1
4274,u,n_tʃ,13
4275,u,f_z,1
4276,u,dʒ_m,1
4277,u,ɹ_ʒ,9
4278,u,ɹ_ʃ,3
4279,u,ʃ_v,1
4280,u,ʃ_k,2
4281,u,b_l,14
4282,u,b_dʒ,1
4283,u,l_f,8
4284,u,ɡ_n,20
4285,u,b_d,15
4286,u,s_k,2
4287,u,ɾ_z,6
4288,u,l_v,8
4289,u,d_θ,11
4290,u,p_p,1
4291,u,p_s,8
4292,u,k_t,5
4293,u,tʃ_ð,9
4294,u,tʃ_w,5
4295,u,k_m,12
4296,u,k_θ,6
4297,u,tʃ_b,2
4298,u,ʃ_b,4
4299,u,z_s,1
4300,u,w_b,1
4301,u,l_l,9
4302,u,m_ŋ,2
4303,u,w_m,6
4304,u,s_v,7
4305,u,ʃ_w,5
4306,u,d_dʒ,9
4307,u,s_ɹ,12
4308,u,ʃ_l,22
4309,u,ʃ_h,2
4310,u,tʃ_t,6
4311,u,s_f,1
4312,u,d_v,8
4313,u,h_dʒ,9
4314,u,ɾ_t,1
4315,u,p_ð,1
4316,u,h_ʒ,1
4317,u,dʒ_t,9
4318,u,ʃ_s,2
4319,u,w_d,1
4320,u,k_k,2
4321,u,s_θ,6
4322,u,ʃ_ð,5
4323,u,p_f,1
4324,u,d_z,7
4325,u,d_ʃ,9
4326,u,tʃ_d,5
4327,u,ʃ_n,2
4328,u,f_tʃ,1
4329,u,ɡ_tʃ,6
4330,u,b_ð,2
4331,u,b_w,2
4332,u,b_z,2
4333,u,b_f,1
4334,u,ʃ_ɹ,3
4335,u,p_d,5
4336,u,k_f,1
4337,u,ɡ_s,47
4338,u,b_b,2
4339,u,d_tʃ,3
4340,u,tʃ_f,1
4341,u,s_w,5
4342,u,m_t,1
4343,u,v_ð,2
4344,u,v_b,1
4345,u,h_ɾ,1
4346,u,k_s,1
4347,u,b_θ,2
4348,u,k_v,2
4349,u,t_ʒ,3
4350,u,tʃ_n,1
4351,u,tʃ_ɹ,1
4352,u,tʃ_m,1
4353,u,ʃ_j,1
4354,u,tʃ_p,2
4355,u,j_ŋ,2
4356,u,dʒ_dʒ,1
4357,u,l_tʃ,3
4358,u,n_ɾ,1
4359,u,ɡ_l,2
4360,u,ɡ_f,1
4361,u,ɡ_w,2
4362,u,ɡ_d,1
4363,u,b_h,4
4364,u,p_m,2
4365,u,tʃ_k,2
4366,u,w_ɾ,1
4367,u,tʃ_h,2
4368,u,l_j,2
4369,u,w_z,1
4370,u,s_h,2
4371,u,v_z,1
4372,u,θ_l,2
4373,u,ʃ_f,1
4374,u,ʃ_ʃ,2
4375,u,v_v,1
4376,u,z_b,1
4377,u,z_ð,1
4378,u,k_b,1
4379,u,z_n,1
4380,u,dʒ_f,1
4381,u,ʃ_p,1
4382,u,m_m,1
4383,u,p_ɹ,1
4384,u,m_j,1
4385,u,w_ŋ,2
4386,ʊ,all,23798
4387,ʊ,k_,2511
4388,ʊ,w_,4220
4389,ʊ,v_,1
4390,ʊ,j_,3996
4391,ʊ,p_,1531
4392,ʊ,ɡ_,1402
4393,ʊ,t_,3560
4394,ʊ,tʃ_,286
4395,ʊ,ʃ_,2036
4396,ʊ,f_,885
4397,ʊ,n_,26
4398,ʊ,l_,1852
4399,ʊ,ʒ_,26
4400,ʊ,b_,610
4401,ʊ,ɹ_,110
4402,ʊ,d_,443
4403,ʊ,h_,227
4404,ʊ,dʒ_,38
4405,ʊ,m_,19
4406,ʊ,s_,14
4407,ʊ,ɾ_,3
4408,ʊ,z_,2
4409,ʊ,_d,9435
4410,ʊ,_m,692
4411,ʊ,_ɹ,4663
4412,ʊ,_t,1065
4413,ʊ,_w,68
4414,ʊ,_k,3297
4415,ʊ,_n,213
4416,ʊ,_ð,960
4417,ʊ,_l,1840
4418,ʊ,_h,201
4419,ʊ,_ɾ,107
4420,ʊ,_ʃ,238
4421,ʊ,_v,16
4422,ʊ,_p,221
4423,ʊ,_s,85
4424,ʊ,_ŋ,6
4425,ʊ,_z,34
4426,ʊ,_f,28
4427,ʊ,_tʃ,28
4428,ʊ,_b,26
4429,ʊ,_ɡ,50
4430,ʊ,_j,27
4431,ʊ,_dʒ,7
4432,ʊ,_θ,7
4433,ʊ,k_d,2390
4434,ʊ,w_m,580
4435,ʊ,v_ɹ,1
4436,ʊ,j_ɹ,2872
4437,ʊ,p_t,692
4438,ʊ,ɡ_d,1399
4439,ʊ,w_d,3568
4440,ʊ,t_w,63
4441,ʊ,t_k,788
4442,ʊ,tʃ_n,205
4443,ʊ,t_ð,960
4444,ʊ,ʃ_d,1287
4445,ʊ,p_ɹ,483
4446,ʊ,j_l,939
4447,ʊ,f_t,325
4448,ʊ,t_h,201
4449,ʊ,n_d,2
4450,ʊ,f_l,529
4451,ʊ,l_k,1830
4452,ʊ,ʃ_ɹ,603
4453,ʊ,ʒ_ɹ,26
4454,ʊ,p_ɾ,80
4455,ʊ,b_k,324
4456,ʊ,t_d,573
4457,ʊ,b_ʃ,97
4458,ʊ,p_l,139
4459,ʊ,b_l,120
4460,ʊ,t_v,16
4461,ʊ,ɹ_k,89
4462,ʊ,k_k,105
4463,ʊ,w_l,68
4464,ʊ,p_ʃ,110
4465,ʊ,ʃ_k,113
4466,ʊ,d_ɹ,443
4467,ʊ,h_d,196
4468,ʊ,t_ɹ,52
4469,ʊ,j_p,178
4470,ʊ,tʃ_ɹ,50
4471,ʊ,t_n,8
4472,ʊ,h_k,31
4473,ʊ,tʃ_l,31
4474,ʊ,w_s,4
4475,ʊ,dʒ_ɹ,38
4476,ʊ,t_m,111
4477,ʊ,m_ɹ,19
4478,ʊ,t_s,73
4479,ʊ,s_t,6
4480,ʊ,j_ŋ,6
4481,ʊ,b_z,33
4482,ʊ,t_f,28
4483,ʊ,ɹ_p,1
4484,ʊ,t_p,42
4485,ʊ,k_ʃ,16
4486,ʊ,t_tʃ,5
4487,ʊ,t_b,26
4488,ʊ,ʃ_ɡ,33
4489,ʊ,p_d,20
4490,ʊ,t_t,42
4491,ʊ,f_ɹ,5
4492,ʊ,t_j,27
4493,ʊ,t_dʒ,7
4494,ʊ,t_ɡ,17
4495,ʊ,f_ɾ,26
4496,ʊ,b_tʃ,23
4497,ʊ,l_ɹ,17
4498,ʊ,s_k,2
4499,ʊ,n_k,14
4500,ʊ,p_s,7
4501,ʊ,t_l,14
4502,ʊ,t_θ,7
4503,ʊ,t_ʃ,15
4504,ʊ,t_z,1
4505,ʊ,ɹ_ɹ,20
4506,ʊ,ɾ_ɹ,2
4507,ʊ,ɡ_ɹ,3
4508,ʊ,n_ɹ,10
4509,ʊ,l_w,5
4510,ʊ,b_ɹ,13
4511,ʊ,s_ɹ,4
4512,ʊ,j_m,1
4513,ʊ,s_ɾ,1
4514,ʊ,z_ɹ,2
4515,ʊ,ɾ_k,1
4516,ʊ,s_s,1
